Zeitstempel,"Ich bestätige, dass ich die oben genannten Erklärungen gelesen und verstanden habe (bitte ankreuzen).",Welche Sprachaufnahme ist besser?,Welche Sprachaufnahme ist besser?,Welche Sprachaufnahme ist besser?,Welche Sprachaufnahme ist besser?,Welche Sprachaufnahme ist besser?,Welche Sprachaufnahme ist besser?,Welche Sprachaufnahme ist besser?,Welche Sprachaufnahme ist besser?,Welche Sprachaufnahme ist besser?,Welche Sprachaufnahme ist besser?,Welche Sprachaufnahme ist besser?,Welche Sprachaufnahme ist besser?
,,,,,,,,,,,,,
12.01.2023 11:23:56,Ja,Audio 1 ist deutlich besser als Audio 2,Audio 1 ist deutlich besser als Audio 2,Audio 2 ist deutlich besser als Audio 1,Audio 2 ist deutlich besser als Audio 1,Audio 1 und Audio 2 waren etwa gleich gut,Audio 2 ist deutlich besser als Audio 1,Audio 2 ist deutlich besser als Audio 1,Audio 2 ist deutlich besser als Audio 1,Audio 1 ist deutlich besser als Audio 2,Audio 1 und Audio 2 waren etwa gleich gut,Audio 2 ist deutlich besser als Audio 1,Audio 1 und Audio 2 waren etwa gleich gut
12.01.2023 11:24:29,Ja,Audio 1 ist deutlich besser als Audio 2,Audio 1 und Audio 2 waren etwa gleich gut,Audio 1 ist deutlich besser als Audio 2,Audio 2 ist deutlich besser als Audio 1,Audio 1 ist deutlich besser als Audio 2,Audio 2 ist deutlich besser als Audio 1,Audio 1 und Audio 2 waren etwa gleich gut,Audio 2 ist deutlich besser als Audio 1,Audio 1 ist deutlich besser als Audio 2,Audio 1 ist deutlich besser als Audio 2,Audio 1 und Audio 2 waren etwa gleich gut,Audio 1 und Audio 2 waren etwa gleich gut
12.01.2023 11:25:20,Ja,Audio 1 und Audio 2 waren etwa gleich gut,Audio 1 und Audio 2 waren etwa gleich gut,Audio 1 und Audio 2 waren etwa gleich gut,Audio 1 und Audio 2 waren etwa gleich gut,Audio 1 ist deutlich besser als Audio 2,Audio 1 und Audio 2 waren etwa gleich gut,Audio 2 ist deutlich besser als Audio 1,Audio 2 ist deutlich besser als Audio 1,Audio 1 und Audio 2 waren etwa gleich gut,Audio 1 und Audio 2 waren etwa gleich gut,Audio 1 und Audio 2 waren etwa gleich gut,Audio 1 und Audio 2 waren etwa gleich gut
12.01.2023 11:25:37,Ja,Audio 1 ist deutlich besser als Audio 2,Audio 1 und Audio 2 waren etwa gleich gut,,Audio 2 ist deutlich besser als Audio 1,Audio 1 und Audio 2 waren etwa gleich gut,Audio 1 und Audio 2 waren etwa gleich gut,Audio 1 ist deutlich besser als Audio 2,Audio 2 ist deutlich besser als Audio 1,Audio 1 und Audio 2 waren etwa gleich gut,,,Audio 1 und Audio 2 waren etwa gleich gut
12.01.2023 11:25:46,Ja,Audio 1 ist deutlich besser als Audio 2,Audio 1 ist deutlich besser als Audio 2,Audio 1 und Audio 2 waren etwa gleich gut,Audio 2 ist deutlich besser als Audio 1,Audio 1 ist deutlich besser als Audio 2,Audio 1 ist deutlich besser als Audio 2,Audio 1 ist deutlich besser als Audio 2,Audio 2 ist deutlich besser als Audio 1,Audio 2 ist deutlich besser als Audio 1,Audio 1 und Audio 2 waren etwa gleich gut,Audio 2 ist deutlich besser als Audio 1,Audio 1 ist deutlich besser als Audio 2
12.01.2023 11:26:23,Ja,Audio 1 ist deutlich besser als Audio 2,Audio 1 und Audio 2 waren etwa gleich gut,Audio 2 ist deutlich besser als Audio 1,Audio 1 und Audio 2 waren etwa gleich gut,Audio 1 und Audio 2 waren etwa gleich gut,Audio 2 ist deutlich besser als Audio 1,Audio 1 und Audio 2 waren etwa gleich gut,Audio 2 ist deutlich besser als Audio 1,Audio 1 und Audio 2 waren etwa gleich gut,Audio 1 ist deutlich besser als Audio 2,Audio 2 ist deutlich besser als Audio 1,Audio 2 ist deutlich besser als Audio 1
12.01.2023 11:28:00,Ja,Audio 1 ist deutlich besser als Audio 2,Audio 1 und Audio 2 waren etwa gleich gut,Audio 1 ist deutlich besser als Audio 2,Audio 1 und Audio 2 waren etwa gleich gut,Audio 1 und Audio 2 waren etwa gleich gut,Audio 1 ist deutlich besser als Audio 2,Audio 1 und Audio 2 waren etwa gleich gut,Audio 2 ist deutlich besser als Audio 1,Audio 2 ist deutlich besser als Audio 1,Audio 1 und Audio 2 waren etwa gleich gut,Audio 1 und Audio 2 waren etwa gleich gut,Audio 1 und Audio 2 waren etwa gleich gut
12.01.2023 11:28:11,Ja,Audio 1 ist deutlich besser als Audio 2,Audio 1 ist deutlich besser als Audio 2,Audio 1 und Audio 2 waren etwa gleich gut,Audio 2 ist deutlich besser als Audio 1,Audio 1 und Audio 2 waren etwa gleich gut,Audio 2 ist deutlich besser als Audio 1,Audio 2 ist deutlich besser als Audio 1,Audio 2 ist deutlich besser als Audio 1,Audio 1 ist deutlich besser als Audio 2,Audio 2 ist deutlich besser als Audio 1,Audio 1 ist deutlich besser als Audio 2,Audio 1 ist deutlich besser als Audio 2
12.01.2023 11:29:18,Ja,Audio 1 ist deutlich besser als Audio 2,Audio 1 und Audio 2 waren etwa gleich gut,Audio 1 ist deutlich besser als Audio 2,Audio 2 ist deutlich besser als Audio 1,Audio 1 und Audio 2 waren etwa gleich gut,Audio 1 und Audio 2 waren etwa gleich gut,Audio 2 ist deutlich besser als Audio 1,Audio 2 ist deutlich besser als Audio 1,Audio 1 und Audio 2 waren etwa gleich gut,Audio 1 und Audio 2 waren etwa gleich gut,Audio 2 ist deutlich besser als Audio 1,Audio 1 und Audio 2 waren etwa gleich gut
12.01.2023 11:29:51,Ja,Audio 1 ist deutlich besser als Audio 2,Audio 1 und Audio 2 waren etwa gleich gut,Audio 1 und Audio 2 waren etwa gleich gut,Audio 1 und Audio 2 waren etwa gleich gut,Audio 1 und Audio 2 waren etwa gleich gut,Audio 2 ist deutlich besser als Audio 1,Audio 1 und Audio 2 waren etwa gleich gut,Audio 2 ist deutlich besser als Audio 1,Audio 1 und Audio 2 waren etwa gleich gut,Audio 1 und Audio 2 waren etwa gleich gut,Audio 1 und Audio 2 waren etwa gleich gut,Audio 1 ist deutlich besser als Audio 2
12.01.2023 11:30:17,Ja,Audio 1 und Audio 2 waren etwa gleich gut,Audio 1 und Audio 2 waren etwa gleich gut,Audio 1 und Audio 2 waren etwa gleich gut,Audio 2 ist deutlich besser als Audio 1,Audio 1 und Audio 2 waren etwa gleich gut,Audio 1 und Audio 2 waren etwa gleich gut,Audio 2 ist deutlich besser als Audio 1,Audio 2 ist deutlich besser als Audio 1,Audio 1 und Audio 2 waren etwa gleich gut,Audio 1 und Audio 2 waren etwa gleich gut,Audio 1 und Audio 2 waren etwa gleich gut,Audio 1 und Audio 2 waren etwa gleich gut
12.01.2023 11:35:12,Ja,Audio 1 ist deutlich besser als Audio 2,Audio 1 und Audio 2 waren etwa gleich gut,Audio 1 und Audio 2 waren etwa gleich gut,Audio 2 ist deutlich besser als Audio 1,Audio 1 und Audio 2 waren etwa gleich gut,Audio 2 ist deutlich besser als Audio 1,Audio 2 ist deutlich besser als Audio 1,Audio 2 ist deutlich besser als Audio 1,Audio 1 und Audio 2 waren etwa gleich gut,Audio 2 ist deutlich besser als Audio 1,Audio 1 ist deutlich besser als Audio 2,Audio 1 und Audio 2 waren etwa gleich gut
12.01.2023 11:35:57,Ja,Audio 1 und Audio 2 waren etwa gleich gut,Audio 1 ist deutlich besser als Audio 2,Audio 2 ist deutlich besser als Audio 1,Audio 1 und Audio 2 waren etwa gleich gut,Audio 1 ist deutlich besser als Audio 2,Audio 2 ist deutlich besser als Audio 1,Audio 1 und Audio 2 waren etwa gleich gut,Audio 2 ist deutlich besser als Audio 1,Audio 1 und Audio 2 waren etwa gleich gut,Audio 1 und Audio 2 waren etwa gleich gut,Audio 2 ist deutlich besser als Audio 1,Audio 1 und Audio 2 waren etwa gleich gut
12.01.2023 11:37:07,Ja,Audio 1 und Audio 2 waren etwa gleich gut,Audio 1 ist deutlich besser als Audio 2,Audio 1 ist deutlich besser als Audio 2,Audio 2 ist deutlich besser als Audio 1,Audio 1 und Audio 2 waren etwa gleich gut,Audio 2 ist deutlich besser als Audio 1,Audio 2 ist deutlich besser als Audio 1,Audio 2 ist deutlich besser als Audio 1,Audio 1 ist deutlich besser als Audio 2,Audio 2 ist deutlich besser als Audio 1,Audio 1 ist deutlich besser als Audio 2,Audio 1 ist deutlich besser als Audio 2
12.01.2023 11:43:45,Ja,Audio 1 ist deutlich besser als Audio 2,Audio 1 ist deutlich besser als Audio 2,Audio 1 ist deutlich besser als Audio 2,Audio 2 ist deutlich besser als Audio 1,Audio 2 ist deutlich besser als Audio 1,Audio 1 ist deutlich besser als Audio 2,Audio 1 ist deutlich besser als Audio 2,Audio 1 und Audio 2 waren etwa gleich gut,Audio 1 ist deutlich besser als Audio 2,Audio 1 und Audio 2 waren etwa gleich gut,Audio 1 ist deutlich besser als Audio 2,Audio 1 ist deutlich besser als Audio 2
12.01.2023 11:44:59,Ja,Audio 1 ist deutlich besser als Audio 2,Audio 1 ist deutlich besser als Audio 2,Audio 2 ist deutlich besser als Audio 1,Audio 1 und Audio 2 waren etwa gleich gut,Audio 1 und Audio 2 waren etwa gleich gut,Audio 2 ist deutlich besser als Audio 1,Audio 1 und Audio 2 waren etwa gleich gut,Audio 1 und Audio 2 waren etwa gleich gut,Audio 1 ist deutlich besser als Audio 2,Audio 2 ist deutlich besser als Audio 1,Audio 1 und Audio 2 waren etwa gleich gut,Audio 1 und Audio 2 waren etwa gleich gut
12.01.2023 11:46:07,Ja,Audio 1 und Audio 2 waren etwa gleich gut,Audio 1 und Audio 2 waren etwa gleich gut,Audio 1 und Audio 2 waren etwa gleich gut,Audio 1 und Audio 2 waren etwa gleich gut,Audio 1 und Audio 2 waren etwa gleich gut,Audio 1 und Audio 2 waren etwa gleich gut,Audio 1 und Audio 2 waren etwa gleich gut,Audio 1 und Audio 2 waren etwa gleich gut,Audio 1 und Audio 2 waren etwa gleich gut,Audio 1 und Audio 2 waren etwa gleich gut,Audio 1 und Audio 2 waren etwa gleich gut,Audio 1 und Audio 2 waren etwa gleich gut
12.01.2023 11:47:20,Ja,Audio 1 ist deutlich besser als Audio 2,Audio 2 ist deutlich besser als Audio 1,Audio 1 und Audio 2 waren etwa gleich gut,Audio 2 ist deutlich besser als Audio 1,Audio 2 ist deutlich besser als Audio 1,Audio 2 ist deutlich besser als Audio 1,Audio 2 ist deutlich besser als Audio 1,Audio 2 ist deutlich besser als Audio 1,Audio 1 und Audio 2 waren etwa gleich gut,Audio 1 und Audio 2 waren etwa gleich gut,Audio 1 und Audio 2 waren etwa gleich gut,Audio 1 und Audio 2 waren etwa gleich gut
12.01.2023 11:47:23,Ja,Audio 1 ist deutlich besser als Audio 2,Audio 1 und Audio 2 waren etwa gleich gut,Audio 1 ist deutlich besser als Audio 2,Audio 1 ist deutlich besser als Audio 2,Audio 1 ist deutlich besser als Audio 2,Audio 1 ist deutlich besser als Audio 2,Audio 1 ist deutlich besser als Audio 2,Audio 2 ist deutlich besser als Audio 1,Audio 1 und Audio 2 waren etwa gleich gut,Audio 1 und Audio 2 waren etwa gleich gut,Audio 1 ist deutlich besser als Audio 2,Audio 1 und Audio 2 waren etwa gleich gut
12.01.2023 11:49:18,Ja,Audio 1 und Audio 2 waren etwa gleich gut,Audio 1 und Audio 2 waren etwa gleich gut,Audio 1 ist deutlich besser als Audio 2,Audio 2 ist deutlich besser als Audio 1,Audio 1 ist deutlich besser als Audio 2,Audio 1 ist deutlich besser als Audio 2,Audio 1 ist deutlich besser als Audio 2,Audio 1 ist deutlich besser als Audio 2,Audio 1 ist deutlich besser als Audio 2,Audio 1 ist deutlich besser als Audio 2,Audio 2 ist deutlich besser als Audio 1,Audio 1 ist deutlich besser als Audio 2
12.01.2023 11:52:11,Ja,Audio 1 ist deutlich besser als Audio 2,Audio 1 ist deutlich besser als Audio 2,Audio 2 ist deutlich besser als Audio 1,Audio 2 ist deutlich besser als Audio 1,Audio 1 und Audio 2 waren etwa gleich gut,Audio 1 und Audio 2 waren etwa gleich gut,Audio 1 und Audio 2 waren etwa gleich gut,Audio 2 ist deutlich besser als Audio 1,Audio 1 und Audio 2 waren etwa gleich gut,Audio 1 und Audio 2 waren etwa gleich gut,Audio 2 ist deutlich besser als Audio 1,Audio 1 und Audio 2 waren etwa gleich gut
12.01.2023 11:53:23,Ja,Audio 1 ist deutlich besser als Audio 2,Audio 2 ist deutlich besser als Audio 1,Audio 2 ist deutlich besser als Audio 1,Audio 2 ist deutlich besser als Audio 1,Audio 1 ist deutlich besser als Audio 2,Audio 1 und Audio 2 waren etwa gleich gut,Audio 2 ist deutlich besser als Audio 1,Audio 2 ist deutlich besser als Audio 1,Audio 1 ist deutlich besser als Audio 2,Audio 1 und Audio 2 waren etwa gleich gut,Audio 2 ist deutlich besser als Audio 1,Audio 2 ist deutlich besser als Audio 1
12.01.2023 11:55:13,Ja,Audio 1 ist deutlich besser als Audio 2,Audio 1 ist deutlich besser als Audio 2,Audio 1 ist deutlich besser als Audio 2,Audio 2 ist deutlich besser als Audio 1,Audio 2 ist deutlich besser als Audio 1,Audio 2 ist deutlich besser als Audio 1,Audio 2 ist deutlich besser als Audio 1,Audio 2 ist deutlich besser als Audio 1,Audio 2 ist deutlich besser als Audio 1,Audio 2 ist deutlich besser als Audio 1,Audio 2 ist deutlich besser als Audio 1,Audio 1 ist deutlich besser als Audio 2
12.01.2023 11:56:10,Ja,Audio 1 ist deutlich besser als Audio 2,Audio 1 ist deutlich besser als Audio 2,Audio 2 ist deutlich besser als Audio 1,Audio 2 ist deutlich besser als Audio 1,Audio 1 und Audio 2 waren etwa gleich gut,Audio 2 ist deutlich besser als Audio 1,Audio 1 und Audio 2 waren etwa gleich gut,Audio 1 und Audio 2 waren etwa gleich gut,Audio 1 und Audio 2 waren etwa gleich gut,Audio 1 und Audio 2 waren etwa gleich gut,Audio 1 und Audio 2 waren etwa gleich gut,Audio 2 ist deutlich besser als Audio 1
12.01.2023 11:58:33,Ja,Audio 1 ist deutlich besser als Audio 2,Audio 1 ist deutlich besser als Audio 2,Audio 2 ist deutlich besser als Audio 1,Audio 2 ist deutlich besser als Audio 1,Audio 2 ist deutlich besser als Audio 1,Audio 2 ist deutlich besser als Audio 1,Audio 1 ist deutlich besser als Audio 2,Audio 2 ist deutlich besser als Audio 1,Audio 1 ist deutlich besser als Audio 2,Audio 1 und Audio 2 waren etwa gleich gut,Audio 1 ist deutlich besser als Audio 2,Audio 1 ist deutlich besser als Audio 2
12.01.2023 12:00:30,Ja,Audio 1 ist deutlich besser als Audio 2,Audio 1 ist deutlich besser als Audio 2,Audio 1 und Audio 2 waren etwa gleich gut,Audio 1 und Audio 2 waren etwa gleich gut,Audio 1 ist deutlich besser als Audio 2,Audio 1 ist deutlich besser als Audio 2,Audio 1 und Audio 2 waren etwa gleich gut,Audio 2 ist deutlich besser als Audio 1,Audio 1 und Audio 2 waren etwa gleich gut,Audio 1 und Audio 2 waren etwa gleich gut,Audio 2 ist deutlich besser als Audio 1,Audio 1 ist deutlich besser als Audio 2
12.01.2023 12:03:19,Ja,Audio 1 und Audio 2 waren etwa gleich gut,Audio 1 und Audio 2 waren etwa gleich gut,Audio 1 und Audio 2 waren etwa gleich gut,Audio 1 und Audio 2 waren etwa gleich gut,Audio 1 und Audio 2 waren etwa gleich gut,Audio 1 und Audio 2 waren etwa gleich gut,Audio 1 und Audio 2 waren etwa gleich gut,Audio 2 ist deutlich besser als Audio 1,Audio 1 und Audio 2 waren etwa gleich gut,Audio 1 und Audio 2 waren etwa gleich gut,Audio 1 und Audio 2 waren etwa gleich gut,Audio 2 ist deutlich besser als Audio 1
12.01.2023 12:04:06,Ja,Audio 1 ist deutlich besser als Audio 2,Audio 1 und Audio 2 waren etwa gleich gut,Audio 2 ist deutlich besser als Audio 1,Audio 2 ist deutlich besser als Audio 1,Audio 1 und Audio 2 waren etwa gleich gut,Audio 1 und Audio 2 waren etwa gleich gut,Audio 1 ist deutlich besser als Audio 2,Audio 1 und Audio 2 waren etwa gleich gut,Audio 1 ist deutlich besser als Audio 2,Audio 2 ist deutlich besser als Audio 1,Audio 1 ist deutlich besser als Audio 2,Audio 2 ist deutlich besser als Audio 1
12.01.2023 12:06:06,Ja,Audio 1 ist deutlich besser als Audio 2,Audio 1 und Audio 2 waren etwa gleich gut,Audio 1 und Audio 2 waren etwa gleich gut,Audio 2 ist deutlich besser als Audio 1,Audio 1 und Audio 2 waren etwa gleich gut,Audio 2 ist deutlich besser als Audio 1,Audio 2 ist deutlich besser als Audio 1,Audio 2 ist deutlich besser als Audio 1,Audio 1 und Audio 2 waren etwa gleich gut,Audio 1 und Audio 2 waren etwa gleich gut,Audio 1 und Audio 2 waren etwa gleich gut,Audio 1 und Audio 2 waren etwa gleich gut
12.01.2023 12:17:03,Ja,Audio 1 ist deutlich besser als Audio 2,Audio 1 und Audio 2 waren etwa gleich gut,Audio 2 ist deutlich besser als Audio 1,Audio 2 ist deutlich besser als Audio 1,Audio 1 und Audio 2 waren etwa gleich gut,Audio 2 ist deutlich besser als Audio 1,Audio 2 ist deutlich besser als Audio 1,Audio 2 ist deutlich besser als Audio 1,Audio 1 und Audio 2 waren etwa gleich gut,Audio 2 ist deutlich besser als Audio 1,Audio 1 und Audio 2 waren etwa gleich gut,Audio 1 ist deutlich besser als Audio 2
12.01.2023 12:20:30,Ja,Audio 1 ist deutlich besser als Audio 2,Audio 1 ist deutlich besser als Audio 2,Audio 2 ist deutlich besser als Audio 1,Audio 2 ist deutlich besser als Audio 1,Audio 2 ist deutlich besser als Audio 1,Audio 1 und Audio 2 waren etwa gleich gut,Audio 2 ist deutlich besser als Audio 1,Audio 2 ist deutlich besser als Audio 1,Audio 1 ist deutlich besser als Audio 2,Audio 1 und Audio 2 waren etwa gleich gut,Audio 1 und Audio 2 waren etwa gleich gut,Audio 1 ist deutlich besser als Audio 2
12.01.2023 12:29:51,Ja,Audio 2 ist deutlich besser als Audio 1,Audio 2 ist deutlich besser als Audio 1,Audio 1 und Audio 2 waren etwa gleich gut,Audio 1 und Audio 2 waren etwa gleich gut,Audio 2 ist deutlich besser als Audio 1,Audio 2 ist deutlich besser als Audio 1,Audio 2 ist deutlich besser als Audio 1,Audio 2 ist deutlich besser als Audio 1,Audio 1 und Audio 2 waren etwa gleich gut,Audio 1 und Audio 2 waren etwa gleich gut,,Audio 1 und Audio 2 waren etwa gleich gut
12.01.2023 12:46:34,Ja,Audio 1 und Audio 2 waren etwa gleich gut,Audio 1 und Audio 2 waren etwa gleich gut,Audio 1 ist deutlich besser als Audio 2,Audio 1 und Audio 2 waren etwa gleich gut,Audio 2 ist deutlich besser als Audio 1,Audio 1 ist deutlich besser als Audio 2,Audio 1 und Audio 2 waren etwa gleich gut,Audio 2 ist deutlich besser als Audio 1,Audio 2 ist deutlich besser als Audio 1,Audio 1 und Audio 2 waren etwa gleich gut,Audio 1 ist deutlich besser als Audio 2,Audio 1 und Audio 2 waren etwa gleich gut
12.01.2023 12:48:13,Ja,Audio 1 ist deutlich besser als Audio 2,Audio 1 ist deutlich besser als Audio 2,Audio 1 und Audio 2 waren etwa gleich gut,Audio 1 und Audio 2 waren etwa gleich gut,Audio 1 und Audio 2 waren etwa gleich gut,Audio 2 ist deutlich besser als Audio 1,Audio 1 und Audio 2 waren etwa gleich gut,Audio 2 ist deutlich besser als Audio 1,Audio 1 ist deutlich besser als Audio 2,Audio 1 und Audio 2 waren etwa gleich gut,Audio 1 und Audio 2 waren etwa gleich gut,Audio 1 ist deutlich besser als Audio 2
12.01.2023 12:54:38,Ja,Audio 1 ist deutlich besser als Audio 2,Audio 1 ist deutlich besser als Audio 2,Audio 1 und Audio 2 waren etwa gleich gut,Audio 1 und Audio 2 waren etwa gleich gut,Audio 1 und Audio 2 waren etwa gleich gut,Audio 1 ist deutlich besser als Audio 2,Audio 1 ist deutlich besser als Audio 2,Audio 2 ist deutlich besser als Audio 1,Audio 1 und Audio 2 waren etwa gleich gut,Audio 1 und Audio 2 waren etwa gleich gut,Audio 1 und Audio 2 waren etwa gleich gut,Audio 1 ist deutlich besser als Audio 2
12.01.2023 12:55:15,Ja,Audio 1 und Audio 2 waren etwa gleich gut,Audio 1 und Audio 2 waren etwa gleich gut,Audio 1 ist deutlich besser als Audio 2,Audio 1 ist deutlich besser als Audio 2,Audio 1 und Audio 2 waren etwa gleich gut,Audio 1 ist deutlich besser als Audio 2,Audio 2 ist deutlich besser als Audio 1,Audio 2 ist deutlich besser als Audio 1,Audio 1 und Audio 2 waren etwa gleich gut,Audio 2 ist deutlich besser als Audio 1,Audio 1 und Audio 2 waren etwa gleich gut,Audio 1 und Audio 2 waren etwa gleich gut
12.01.2023 13:02:09,Ja,Audio 1 ist deutlich besser als Audio 2,Audio 1 ist deutlich besser als Audio 2,Audio 1 und Audio 2 waren etwa gleich gut,Audio 1 und Audio 2 waren etwa gleich gut,Audio 1 ist deutlich besser als Audio 2,Audio 2 ist deutlich besser als Audio 1,Audio 1 und Audio 2 waren etwa gleich gut,Audio 2 ist deutlich besser als Audio 1,Audio 1 ist deutlich besser als Audio 2,Audio 1 und Audio 2 waren etwa gleich gut,Audio 2 ist deutlich besser als Audio 1,Audio 1 und Audio 2 waren etwa gleich gut
12.01.2023 13:13:12,Ja,Audio 1 und Audio 2 waren etwa gleich gut,Audio 1 und Audio 2 waren etwa gleich gut,Audio 1 ist deutlich besser als Audio 2,Audio 1 und Audio 2 waren etwa gleich gut,Audio 2 ist deutlich besser als Audio 1,Audio 1 und Audio 2 waren etwa gleich gut,Audio 1 und Audio 2 waren etwa gleich gut,Audio 1 und Audio 2 waren etwa gleich gut,Audio 1 und Audio 2 waren etwa gleich gut,Audio 1 und Audio 2 waren etwa gleich gut,Audio 1 und Audio 2 waren etwa gleich gut,Audio 1 und Audio 2 waren etwa gleich gut
12.01.2023 13:33:12,Ja,Audio 1 und Audio 2 waren etwa gleich gut,Audio 2 ist deutlich besser als Audio 1,Audio 2 ist deutlich besser als Audio 1,Audio 1 und Audio 2 waren etwa gleich gut,Audio 1 und Audio 2 waren etwa gleich gut,,Audio 1 und Audio 2 waren etwa gleich gut,Audio 2 ist deutlich besser als Audio 1,Audio 1 und Audio 2 waren etwa gleich gut,Audio 2 ist deutlich besser als Audio 1,Audio 1 und Audio 2 waren etwa gleich gut,Audio 1 und Audio 2 waren etwa gleich gut
12.01.2023 13:45:37,Ja,Audio 1 ist deutlich besser als Audio 2,Audio 2 ist deutlich besser als Audio 1,Audio 2 ist deutlich besser als Audio 1,Audio 1 ist deutlich besser als Audio 2,Audio 2 ist deutlich besser als Audio 1,Audio 1 ist deutlich besser als Audio 2,Audio 2 ist deutlich besser als Audio 1,Audio 2 ist deutlich besser als Audio 1,Audio 1 und Audio 2 waren etwa gleich gut,Audio 1 ist deutlich besser als Audio 2,Audio 1 und Audio 2 waren etwa gleich gut,Audio 1 und Audio 2 waren etwa gleich gut
12.01.2023 13:45:52,Ja,Audio 1 ist deutlich besser als Audio 2,Audio 1 ist deutlich besser als Audio 2,Audio 2 ist deutlich besser als Audio 1,Audio 1 und Audio 2 waren etwa gleich gut,Audio 1 ist deutlich besser als Audio 2,Audio 1 ist deutlich besser als Audio 2,Audio 1 und Audio 2 waren etwa gleich gut,Audio 2 ist deutlich besser als Audio 1,Audio 1 ist deutlich besser als Audio 2,Audio 1 ist deutlich besser als Audio 2,Audio 1 und Audio 2 waren etwa gleich gut,Audio 1 und Audio 2 waren etwa gleich gut
12.01.2023 13:46:12,Ja,Audio 1 ist deutlich besser als Audio 2,Audio 1 ist deutlich besser als Audio 2,Audio 1 ist deutlich besser als Audio 2,Audio 2 ist deutlich besser als Audio 1,Audio 1 und Audio 2 waren etwa gleich gut,Audio 1 und Audio 2 waren etwa gleich gut,Audio 1 und Audio 2 waren etwa gleich gut,Audio 2 ist deutlich besser als Audio 1,Audio 1 ist deutlich besser als Audio 2,Audio 1 und Audio 2 waren etwa gleich gut,Audio 1 und Audio 2 waren etwa gleich gut,Audio 1 und Audio 2 waren etwa gleich gut
12.01.2023 13:52:11,Ja,Audio 1 ist deutlich besser als Audio 2,Audio 1 ist deutlich besser als Audio 2,Audio 1 und Audio 2 waren etwa gleich gut,Audio 2 ist deutlich besser als Audio 1,Audio 1 und Audio 2 waren etwa gleich gut,Audio 2 ist deutlich besser als Audio 1,Audio 1 ist deutlich besser als Audio 2,Audio 2 ist deutlich besser als Audio 1,Audio 1 und Audio 2 waren etwa gleich gut,Audio 1 und Audio 2 waren etwa gleich gut,Audio 2 ist deutlich besser als Audio 1,Audio 1 ist deutlich besser als Audio 2
12.01.2023 14:06:29,Ja,Audio 1 und Audio 2 waren etwa gleich gut,Audio 2 ist deutlich besser als Audio 1,Audio 2 ist deutlich besser als Audio 1,Audio 1 ist deutlich besser als Audio 2,Audio 1 und Audio 2 waren etwa gleich gut,Audio 1 und Audio 2 waren etwa gleich gut,Audio 2 ist deutlich besser als Audio 1,Audio 2 ist deutlich besser als Audio 1,Audio 1 ist deutlich besser als Audio 2,Audio 2 ist deutlich besser als Audio 1,Audio 1 ist deutlich besser als Audio 2,Audio 2 ist deutlich besser als Audio 1
12.01.2023 14:11:54,Ja,Audio 1 und Audio 2 waren etwa gleich gut,Audio 1 ist deutlich besser als Audio 2,Audio 1 und Audio 2 waren etwa gleich gut,Audio 1 und Audio 2 waren etwa gleich gut,Audio 1 ist deutlich besser als Audio 2,Audio 2 ist deutlich besser als Audio 1,Audio 2 ist deutlich besser als Audio 1,Audio 2 ist deutlich besser als Audio 1,Audio 1 und Audio 2 waren etwa gleich gut,Audio 1 und Audio 2 waren etwa gleich gut,Audio 1 und Audio 2 waren etwa gleich gut,Audio 1 und Audio 2 waren etwa gleich gut
12.01.2023 14:16:06,Ja,Audio 1 und Audio 2 waren etwa gleich gut,Audio 2 ist deutlich besser als Audio 1,Audio 1 und Audio 2 waren etwa gleich gut,Audio 2 ist deutlich besser als Audio 1,Audio 1 ist deutlich besser als Audio 2,Audio 1 und Audio 2 waren etwa gleich gut,Audio 2 ist deutlich besser als Audio 1,Audio 2 ist deutlich besser als Audio 1,Audio 1 ist deutlich besser als Audio 2,Audio 1 und Audio 2 waren etwa gleich gut,Audio 1 und Audio 2 waren etwa gleich gut,Audio 1 und Audio 2 waren etwa gleich gut
12.01.2023 14:18:18,Ja,Audio 1 ist deutlich besser als Audio 2,Audio 1 ist deutlich besser als Audio 2,Audio 1 ist deutlich besser als Audio 2,Audio 2 ist deutlich besser als Audio 1,Audio 1 ist deutlich besser als Audio 2,Audio 1 ist deutlich besser als Audio 2,Audio 1 ist deutlich besser als Audio 2,Audio 2 ist deutlich besser als Audio 1,Audio 1 ist deutlich besser als Audio 2,Audio 1 ist deutlich besser als Audio 2,Audio 1 und Audio 2 waren etwa gleich gut,Audio 1 und Audio 2 waren etwa gleich gut
12.01.2023 14:19:55,Ja,Audio 1 ist deutlich besser als Audio 2,Audio 1 und Audio 2 waren etwa gleich gut,Audio 1 ist deutlich besser als Audio 2,Audio 2 ist deutlich besser als Audio 1,Audio 1 und Audio 2 waren etwa gleich gut,Audio 2 ist deutlich besser als Audio 1,Audio 1 und Audio 2 waren etwa gleich gut,Audio 2 ist deutlich besser als Audio 1,Audio 1 ist deutlich besser als Audio 2,Audio 1 und Audio 2 waren etwa gleich gut,Audio 1 und Audio 2 waren etwa gleich gut,Audio 1 und Audio 2 waren etwa gleich gut
12.01.2023 14:19:57,Ja,Audio 1 ist deutlich besser als Audio 2,Audio 1 und Audio 2 waren etwa gleich gut,Audio 2 ist deutlich besser als Audio 1,Audio 1 und Audio 2 waren etwa gleich gut,Audio 1 und Audio 2 waren etwa gleich gut,Audio 1 und Audio 2 waren etwa gleich gut,Audio 1 ist deutlich besser als Audio 2,Audio 1 und Audio 2 waren etwa gleich gut,Audio 1 ist deutlich besser als Audio 2,Audio 1 und Audio 2 waren etwa gleich gut,Audio 1 und Audio 2 waren etwa gleich gut,Audio 1 und Audio 2 waren etwa gleich gut
12.01.2023 14:20:53,Ja,Audio 1 und Audio 2 waren etwa gleich gut,Audio 1 und Audio 2 waren etwa gleich gut,Audio 1 und Audio 2 waren etwa gleich gut,Audio 1 und Audio 2 waren etwa gleich gut,Audio 1 und Audio 2 waren etwa gleich gut,Audio 1 und Audio 2 waren etwa gleich gut,Audio 1 und Audio 2 waren etwa gleich gut,Audio 2 ist deutlich besser als Audio 1,Audio 1 und Audio 2 waren etwa gleich gut,Audio 1 und Audio 2 waren etwa gleich gut,Audio 1 und Audio 2 waren etwa gleich gut,Audio 1 und Audio 2 waren etwa gleich gut
12.01.2023 14:34:27,Ja,Audio 1 ist deutlich besser als Audio 2,Audio 1 und Audio 2 waren etwa gleich gut,Audio 2 ist deutlich besser als Audio 1,Audio 2 ist deutlich besser als Audio 1,Audio 2 ist deutlich besser als Audio 1,Audio 2 ist deutlich besser als Audio 1,Audio 2 ist deutlich besser als Audio 1,Audio 2 ist deutlich besser als Audio 1,Audio 1 und Audio 2 waren etwa gleich gut,Audio 2 ist deutlich besser als Audio 1,Audio 1 ist deutlich besser als Audio 2,Audio 1 und Audio 2 waren etwa gleich gut
12.01.2023 14:36:55,Ja,Audio 2 ist deutlich besser als Audio 1,Audio 2 ist deutlich besser als Audio 1,Audio 1 ist deutlich besser als Audio 2,Audio 2 ist deutlich besser als Audio 1,Audio 2 ist deutlich besser als Audio 1,Audio 2 ist deutlich besser als Audio 1,Audio 1 ist deutlich besser als Audio 2,Audio 2 ist deutlich besser als Audio 1,Audio 1 und Audio 2 waren etwa gleich gut,Audio 1 und Audio 2 waren etwa gleich gut,Audio 2 ist deutlich besser als Audio 1,Audio 2 ist deutlich besser als Audio 1
12.01.2023 14:50:23,Ja,Audio 1 und Audio 2 waren etwa gleich gut,Audio 1 und Audio 2 waren etwa gleich gut,Audio 1 ist deutlich besser als Audio 2,Audio 1 und Audio 2 waren etwa gleich gut,Audio 1 ist deutlich besser als Audio 2,Audio 1 und Audio 2 waren etwa gleich gut,Audio 1 ist deutlich besser als Audio 2,Audio 2 ist deutlich besser als Audio 1,Audio 1 ist deutlich besser als Audio 2,Audio 1 und Audio 2 waren etwa gleich gut,Audio 1 und Audio 2 waren etwa gleich gut,Audio 1 und Audio 2 waren etwa gleich gut
12.01.2023 14:51:32,Ja,Audio 1 und Audio 2 waren etwa gleich gut,Audio 1 und Audio 2 waren etwa gleich gut,Audio 1 ist deutlich besser als Audio 2,Audio 1 und Audio 2 waren etwa gleich gut,Audio 1 und Audio 2 waren etwa gleich gut,Audio 2 ist deutlich besser als Audio 1,Audio 2 ist deutlich besser als Audio 1,Audio 2 ist deutlich besser als Audio 1,Audio 1 ist deutlich besser als Audio 2,Audio 1 und Audio 2 waren etwa gleich gut,Audio 1 ist deutlich besser als Audio 2,Audio 1 und Audio 2 waren etwa gleich gut
12.01.2023 15:10:10,Ja,Audio 1 ist deutlich besser als Audio 2,Audio 1 ist deutlich besser als Audio 2,Audio 1 und Audio 2 waren etwa gleich gut,Audio 2 ist deutlich besser als Audio 1,Audio 1 ist deutlich besser als Audio 2,Audio 1 und Audio 2 waren etwa gleich gut,Audio 1 und Audio 2 waren etwa gleich gut,Audio 2 ist deutlich besser als Audio 1,Audio 1 ist deutlich besser als Audio 2,Audio 2 ist deutlich besser als Audio 1,Audio 1 und Audio 2 waren etwa gleich gut,Audio 1 und Audio 2 waren etwa gleich gut
12.01.2023 15:15:53,Ja,Audio 1 ist deutlich besser als Audio 2,Audio 1 ist deutlich besser als Audio 2,Audio 2 ist deutlich besser als Audio 1,Audio 1 und Audio 2 waren etwa gleich gut,Audio 1 ist deutlich besser als Audio 2,Audio 1 und Audio 2 waren etwa gleich gut,Audio 1 und Audio 2 waren etwa gleich gut,Audio 2 ist deutlich besser als Audio 1,Audio 1 ist deutlich besser als Audio 2,Audio 1 und Audio 2 waren etwa gleich gut,Audio 2 ist deutlich besser als Audio 1,Audio 1 und Audio 2 waren etwa gleich gut
12.01.2023 15:28:52,Ja,Audio 1 ist deutlich besser als Audio 2,Audio 1 und Audio 2 waren etwa gleich gut,Audio 2 ist deutlich besser als Audio 1,Audio 2 ist deutlich besser als Audio 1,Audio 1 und Audio 2 waren etwa gleich gut,Audio 1 und Audio 2 waren etwa gleich gut,Audio 2 ist deutlich besser als Audio 1,Audio 2 ist deutlich besser als Audio 1,Audio 1 und Audio 2 waren etwa gleich gut,Audio 1 ist deutlich besser als Audio 2,Audio 2 ist deutlich besser als Audio 1,Audio 1 ist deutlich besser als Audio 2
12.01.2023 15:29:44,Ja,Audio 1 ist deutlich besser als Audio 2,Audio 1 ist deutlich besser als Audio 2,Audio 2 ist deutlich besser als Audio 1,Audio 2 ist deutlich besser als Audio 1,Audio 1 ist deutlich besser als Audio 2,Audio 1 und Audio 2 waren etwa gleich gut,Audio 2 ist deutlich besser als Audio 1,Audio 2 ist deutlich besser als Audio 1,Audio 1 ist deutlich besser als Audio 2,Audio 1 ist deutlich besser als Audio 2,Audio 1 und Audio 2 waren etwa gleich gut,Audio 1 ist deutlich besser als Audio 2
12.01.2023 15:36:46,Ja,Audio 1 ist deutlich besser als Audio 2,Audio 1 ist deutlich besser als Audio 2,Audio 2 ist deutlich besser als Audio 1,Audio 1 und Audio 2 waren etwa gleich gut,Audio 1 ist deutlich besser als Audio 2,Audio 1 und Audio 2 waren etwa gleich gut,Audio 1 und Audio 2 waren etwa gleich gut,Audio 2 ist deutlich besser als Audio 1,Audio 1 und Audio 2 waren etwa gleich gut,Audio 1 und Audio 2 waren etwa gleich gut,Audio 1 und Audio 2 waren etwa gleich gut,Audio 1 und Audio 2 waren etwa gleich gut
12.01.2023 15:49:59,Ja,Audio 1 ist deutlich besser als Audio 2,Audio 1 und Audio 2 waren etwa gleich gut,Audio 1 ist deutlich besser als Audio 2,Audio 2 ist deutlich besser als Audio 1,Audio 2 ist deutlich besser als Audio 1,Audio 1 ist deutlich besser als Audio 2,Audio 1 ist deutlich besser als Audio 2,Audio 2 ist deutlich besser als Audio 1,Audio 1 und Audio 2 waren etwa gleich gut,Audio 1 ist deutlich besser als Audio 2,Audio 1 und Audio 2 waren etwa gleich gut,Audio 1 und Audio 2 waren etwa gleich gut
12.01.2023 16:13:32,Ja,Audio 1 und Audio 2 waren etwa gleich gut,Audio 1 ist deutlich besser als Audio 2,Audio 1 ist deutlich besser als Audio 2,Audio 2 ist deutlich besser als Audio 1,Audio 2 ist deutlich besser als Audio 1,Audio 1 und Audio 2 waren etwa gleich gut,Audio 1 ist deutlich besser als Audio 2,Audio 1 ist deutlich besser als Audio 2,Audio 1 ist deutlich besser als Audio 2,Audio 1 und Audio 2 waren etwa gleich gut,Audio 1 ist deutlich besser als Audio 2,Audio 1 ist deutlich besser als Audio 2
12.01.2023 16:31:08,Ja,Audio 1 ist deutlich besser als Audio 2,Audio 1 ist deutlich besser als Audio 2,Audio 2 ist deutlich besser als Audio 1,Audio 2 ist deutlich besser als Audio 1,Audio 1 ist deutlich besser als Audio 2,Audio 2 ist deutlich besser als Audio 1,Audio 2 ist deutlich besser als Audio 1,Audio 2 ist deutlich besser als Audio 1,Audio 1 ist deutlich besser als Audio 2,Audio 1 und Audio 2 waren etwa gleich gut,Audio 2 ist deutlich besser als Audio 1,Audio 2 ist deutlich besser als Audio 1
12.01.2023 16:41:29,Ja,Audio 1 und Audio 2 waren etwa gleich gut,Audio 1 und Audio 2 waren etwa gleich gut,Audio 1 ist deutlich besser als Audio 2,Audio 1 und Audio 2 waren etwa gleich gut,Audio 1 und Audio 2 waren etwa gleich gut,Audio 1 und Audio 2 waren etwa gleich gut,Audio 1 und Audio 2 waren etwa gleich gut,Audio 1 und Audio 2 waren etwa gleich gut,Audio 1 und Audio 2 waren etwa gleich gut,Audio 1 und Audio 2 waren etwa gleich gut,Audio 1 und Audio 2 waren etwa gleich gut,Audio 1 und Audio 2 waren etwa gleich gut
12.01.2023 16:49:26,Ja,Audio 1 ist deutlich besser als Audio 2,Audio 2 ist deutlich besser als Audio 1,Audio 1 und Audio 2 waren etwa gleich gut,Audio 2 ist deutlich besser als Audio 1,Audio 1 und Audio 2 waren etwa gleich gut,Audio 2 ist deutlich besser als Audio 1,Audio 1 ist deutlich besser als Audio 2,Audio 2 ist deutlich besser als Audio 1,Audio 1 und Audio 2 waren etwa gleich gut,Audio 1 ist deutlich besser als Audio 2,Audio 1 und Audio 2 waren etwa gleich gut,Audio 2 ist deutlich besser als Audio 1
12.01.2023 16:51:59,Ja,Audio 1 ist deutlich besser als Audio 2,Audio 1 ist deutlich besser als Audio 2,Audio 1 ist deutlich besser als Audio 2,Audio 2 ist deutlich besser als Audio 1,Audio 1 und Audio 2 waren etwa gleich gut,Audio 1 ist deutlich besser als Audio 2,Audio 2 ist deutlich besser als Audio 1,Audio 2 ist deutlich besser als Audio 1,Audio 1 ist deutlich besser als Audio 2,Audio 1 ist deutlich besser als Audio 2,Audio 2 ist deutlich besser als Audio 1,Audio 1 ist deutlich besser als Audio 2
12.01.2023 17:37:52,Ja,Audio 1 ist deutlich besser als Audio 2,Audio 1 und Audio 2 waren etwa gleich gut,Audio 1 und Audio 2 waren etwa gleich gut,Audio 2 ist deutlich besser als Audio 1,Audio 1 und Audio 2 waren etwa gleich gut,Audio 1 und Audio 2 waren etwa gleich gut,Audio 2 ist deutlich besser als Audio 1,Audio 2 ist deutlich besser als Audio 1,Audio 1 ist deutlich besser als Audio 2,Audio 1 und Audio 2 waren etwa gleich gut,Audio 1 und Audio 2 waren etwa gleich gut,Audio 1 und Audio 2 waren etwa gleich gut
12.01.2023 17:59:20,Ja,Audio 1 ist deutlich besser als Audio 2,Audio 1 und Audio 2 waren etwa gleich gut,Audio 2 ist deutlich besser als Audio 1,Audio 2 ist deutlich besser als Audio 1,Audio 1 ist deutlich besser als Audio 2,Audio 1 ist deutlich besser als Audio 2,Audio 1 ist deutlich besser als Audio 2,Audio 1 und Audio 2 waren etwa gleich gut,Audio 1 ist deutlich besser als Audio 2,Audio 1 ist deutlich besser als Audio 2,Audio 1 ist deutlich besser als Audio 2,Audio 1 und Audio 2 waren etwa gleich gut
12.01.2023 18:11:43,Ja,Audio 1 ist deutlich besser als Audio 2,Audio 1 ist deutlich besser als Audio 2,Audio 1 und Audio 2 waren etwa gleich gut,Audio 2 ist deutlich besser als Audio 1,Audio 2 ist deutlich besser als Audio 1,Audio 2 ist deutlich besser als Audio 1,Audio 1 und Audio 2 waren etwa gleich gut,Audio 2 ist deutlich besser als Audio 1,Audio 1 und Audio 2 waren etwa gleich gut,Audio 1 und Audio 2 waren etwa gleich gut,Audio 1 und Audio 2 waren etwa gleich gut,Audio 2 ist deutlich besser als Audio 1
12.01.2023 18:19:09,Ja,Audio 1 ist deutlich besser als Audio 2,Audio 1 ist deutlich besser als Audio 2,Audio 1 ist deutlich besser als Audio 2,Audio 1 und Audio 2 waren etwa gleich gut,Audio 1 ist deutlich besser als Audio 2,Audio 1 und Audio 2 waren etwa gleich gut,Audio 2 ist deutlich besser als Audio 1,Audio 2 ist deutlich besser als Audio 1,Audio 1 ist deutlich besser als Audio 2,Audio 1 ist deutlich besser als Audio 2,Audio 1 und Audio 2 waren etwa gleich gut,Audio 1 ist deutlich besser als Audio 2
12.01.2023 18:19:30,Ja,Audio 2 ist deutlich besser als Audio 1,Audio 1 und Audio 2 waren etwa gleich gut,Audio 2 ist deutlich besser als Audio 1,Audio 1 und Audio 2 waren etwa gleich gut,Audio 2 ist deutlich besser als Audio 1,Audio 2 ist deutlich besser als Audio 1,Audio 2 ist deutlich besser als Audio 1,Audio 1 und Audio 2 waren etwa gleich gut,Audio 1 und Audio 2 waren etwa gleich gut,Audio 2 ist deutlich besser als Audio 1,Audio 1 und Audio 2 waren etwa gleich gut,Audio 1 und Audio 2 waren etwa gleich gut
12.01.2023 18:33:48,Ja,Audio 1 und Audio 2 waren etwa gleich gut,Audio 1 ist deutlich besser als Audio 2,Audio 1 und Audio 2 waren etwa gleich gut,Audio 1 und Audio 2 waren etwa gleich gut,Audio 1 und Audio 2 waren etwa gleich gut,Audio 1 und Audio 2 waren etwa gleich gut,Audio 1 ist deutlich besser als Audio 2,Audio 2 ist deutlich besser als Audio 1,Audio 1 und Audio 2 waren etwa gleich gut,Audio 1 und Audio 2 waren etwa gleich gut,Audio 1 und Audio 2 waren etwa gleich gut,Audio 1 ist deutlich besser als Audio 2
12.01.2023 18:39:33,Ja,Audio 1 ist deutlich besser als Audio 2,Audio 1 ist deutlich besser als Audio 2,Audio 2 ist deutlich besser als Audio 1,Audio 2 ist deutlich besser als Audio 1,Audio 1 ist deutlich besser als Audio 2,Audio 1 und Audio 2 waren etwa gleich gut,Audio 1 und Audio 2 waren etwa gleich gut,Audio 1 ist deutlich besser als Audio 2,Audio 1 ist deutlich besser als Audio 2,Audio 1 ist deutlich besser als Audio 2,Audio 2 ist deutlich besser als Audio 1,Audio 1 und Audio 2 waren etwa gleich gut
12.01.2023 18:45:19,Ja,Audio 1 und Audio 2 waren etwa gleich gut,Audio 1 und Audio 2 waren etwa gleich gut,Audio 1 ist deutlich besser als Audio 2,Audio 1 und Audio 2 waren etwa gleich gut,Audio 1 und Audio 2 waren etwa gleich gut,Audio 2 ist deutlich besser als Audio 1,Audio 2 ist deutlich besser als Audio 1,Audio 1 ist deutlich besser als Audio 2,Audio 1 ist deutlich besser als Audio 2,Audio 2 ist deutlich besser als Audio 1,Audio 1 und Audio 2 waren etwa gleich gut,Audio 1 und Audio 2 waren etwa gleich gut
12.01.2023 18:46:11,Ja,Audio 1 ist deutlich besser als Audio 2,Audio 1 und Audio 2 waren etwa gleich gut,Audio 1 ist deutlich besser als Audio 2,Audio 2 ist deutlich besser als Audio 1,Audio 1 und Audio 2 waren etwa gleich gut,Audio 1 ist deutlich besser als Audio 2,Audio 2 ist deutlich besser als Audio 1,Audio 2 ist deutlich besser als Audio 1,Audio 1 ist deutlich besser als Audio 2,Audio 2 ist deutlich besser als Audio 1,Audio 2 ist deutlich besser als Audio 1,Audio 1 und Audio 2 waren etwa gleich gut
12.01.2023 18:58:55,Ja,Audio 1 und Audio 2 waren etwa gleich gut,Audio 2 ist deutlich besser als Audio 1,Audio 1 ist deutlich besser als Audio 2,Audio 1 ist deutlich besser als Audio 2,Audio 1 ist deutlich besser als Audio 2,Audio 2 ist deutlich besser als Audio 1,Audio 1 ist deutlich besser als Audio 2,Audio 2 ist deutlich besser als Audio 1,Audio 1 ist deutlich besser als Audio 2,Audio 1 ist deutlich besser als Audio 2,Audio 2 ist deutlich besser als Audio 1,Audio 1 ist deutlich besser als Audio 2
12.01.2023 19:11:25,Ja,Audio 1 ist deutlich besser als Audio 2,Audio 1 und Audio 2 waren etwa gleich gut,Audio 2 ist deutlich besser als Audio 1,Audio 1 und Audio 2 waren etwa gleich gut,Audio 1 ist deutlich besser als Audio 2,Audio 2 ist deutlich besser als Audio 1,Audio 2 ist deutlich besser als Audio 1,Audio 2 ist deutlich besser als Audio 1,Audio 1 ist deutlich besser als Audio 2,Audio 1 und Audio 2 waren etwa gleich gut,Audio 1 und Audio 2 waren etwa gleich gut,Audio 1 und Audio 2 waren etwa gleich gut
12.01.2023 19:23:38,Ja,Audio 1 ist deutlich besser als Audio 2,Audio 1 und Audio 2 waren etwa gleich gut,Audio 2 ist deutlich besser als Audio 1,Audio 2 ist deutlich besser als Audio 1,Audio 2 ist deutlich besser als Audio 1,Audio 2 ist deutlich besser als Audio 1,Audio 1 ist deutlich besser als Audio 2,Audio 2 ist deutlich besser als Audio 1,Audio 1 ist deutlich besser als Audio 2,Audio 2 ist deutlich besser als Audio 1,Audio 1 und Audio 2 waren etwa gleich gut,Audio 2 ist deutlich besser als Audio 1
12.01.2023 20:01:44,Ja,Audio 1 ist deutlich besser als Audio 2,Audio 1 ist deutlich besser als Audio 2,Audio 2 ist deutlich besser als Audio 1,Audio 1 und Audio 2 waren etwa gleich gut,Audio 1 und Audio 2 waren etwa gleich gut,Audio 1 ist deutlich besser als Audio 2,Audio 1 und Audio 2 waren etwa gleich gut,Audio 2 ist deutlich besser als Audio 1,Audio 1 und Audio 2 waren etwa gleich gut,Audio 1 und Audio 2 waren etwa gleich gut,Audio 2 ist deutlich besser als Audio 1,Audio 1 und Audio 2 waren etwa gleich gut
12.01.2023 21:06:28,Ja,Audio 1 ist deutlich besser als Audio 2,Audio 1 ist deutlich besser als Audio 2,Audio 1 ist deutlich besser als Audio 2,Audio 1 und Audio 2 waren etwa gleich gut,Audio 1 ist deutlich besser als Audio 2,Audio 1 ist deutlich besser als Audio 2,Audio 1 und Audio 2 waren etwa gleich gut,Audio 2 ist deutlich besser als Audio 1,Audio 1 ist deutlich besser als Audio 2,Audio 1 und Audio 2 waren etwa gleich gut,Audio 1 und Audio 2 waren etwa gleich gut,Audio 1 ist deutlich besser als Audio 2
12.01.2023 21:16:39,Ja,Audio 1 ist deutlich besser als Audio 2,Audio 1 ist deutlich besser als Audio 2,Audio 1 ist deutlich besser als Audio 2,Audio 2 ist deutlich besser als Audio 1,Audio 2 ist deutlich besser als Audio 1,Audio 1 und Audio 2 waren etwa gleich gut,Audio 1 ist deutlich besser als Audio 2,Audio 2 ist deutlich besser als Audio 1,Audio 2 ist deutlich besser als Audio 1,Audio 2 ist deutlich besser als Audio 1,Audio 1 und Audio 2 waren etwa gleich gut,Audio 1 ist deutlich besser als Audio 2
12.01.2023 22:16:27,Ja,Audio 1 ist deutlich besser als Audio 2,Audio 1 ist deutlich besser als Audio 2,Audio 1 und Audio 2 waren etwa gleich gut,Audio 2 ist deutlich besser als Audio 1,Audio 1 und Audio 2 waren etwa gleich gut,Audio 1 und Audio 2 waren etwa gleich gut,Audio 2 ist deutlich besser als Audio 1,Audio 1 und Audio 2 waren etwa gleich gut,Audio 1 und Audio 2 waren etwa gleich gut,Audio 1 und Audio 2 waren etwa gleich gut,Audio 1 und Audio 2 waren etwa gleich gut,Audio 1 und Audio 2 waren etwa gleich gut
12.01.2023 22:24:13,Ja,Audio 1 ist deutlich besser als Audio 2,Audio 1 und Audio 2 waren etwa gleich gut,Audio 2 ist deutlich besser als Audio 1,Audio 2 ist deutlich besser als Audio 1,Audio 1 ist deutlich besser als Audio 2,Audio 2 ist deutlich besser als Audio 1,Audio 2 ist deutlich besser als Audio 1,Audio 2 ist deutlich besser als Audio 1,Audio 1 ist deutlich besser als Audio 2,Audio 2 ist deutlich besser als Audio 1,Audio 2 ist deutlich besser als Audio 1,Audio 2 ist deutlich besser als Audio 1
12.01.2023 22:47:19,Ja,Audio 1 und Audio 2 waren etwa gleich gut,Audio 1 und Audio 2 waren etwa gleich gut,Audio 1 und Audio 2 waren etwa gleich gut,Audio 1 und Audio 2 waren etwa gleich gut,Audio 1 und Audio 2 waren etwa gleich gut,Audio 1 und Audio 2 waren etwa gleich gut,Audio 1 ist deutlich besser als Audio 2,Audio 1 und Audio 2 waren etwa gleich gut,Audio 1 und Audio 2 waren etwa gleich gut,Audio 1 ist deutlich besser als Audio 2,Audio 1 und Audio 2 waren etwa gleich gut,Audio 1 ist deutlich besser als Audio 2
12.01.2023 23:58:56,Ja,Audio 1 und Audio 2 waren etwa gleich gut,Audio 1 und Audio 2 waren etwa gleich gut,Audio 1 und Audio 2 waren etwa gleich gut,Audio 2 ist deutlich besser als Audio 1,Audio 1 und Audio 2 waren etwa gleich gut,Audio 2 ist deutlich besser als Audio 1,Audio 1 ist deutlich besser als Audio 2,Audio 2 ist deutlich besser als Audio 1,Audio 1 ist deutlich besser als Audio 2,Audio 1 und Audio 2 waren etwa gleich gut,Audio 2 ist deutlich besser als Audio 1,Audio 2 ist deutlich besser als Audio 1
13.01.2023 05:34:09,Ja,Audio 1 ist deutlich besser als Audio 2,Audio 1 ist deutlich besser als Audio 2,Audio 1 ist deutlich besser als Audio 2,Audio 2 ist deutlich besser als Audio 1,Audio 1 ist deutlich besser als Audio 2,Audio 1 ist deutlich besser als Audio 2,Audio 1 ist deutlich besser als Audio 2,Audio 1 ist deutlich besser als Audio 2,Audio 1 ist deutlich besser als Audio 2,Audio 1 und Audio 2 waren etwa gleich gut,Audio 1 ist deutlich besser als Audio 2,Audio 2 ist deutlich besser als Audio 1
13.01.2023 06:42:17,Ja,Audio 1 und Audio 2 waren etwa gleich gut,Audio 1 und Audio 2 waren etwa gleich gut,Audio 1 ist deutlich besser als Audio 2,Audio 2 ist deutlich besser als Audio 1,Audio 1 ist deutlich besser als Audio 2,Audio 2 ist deutlich besser als Audio 1,Audio 1 und Audio 2 waren etwa gleich gut,Audio 2 ist deutlich besser als Audio 1,Audio 1 und Audio 2 waren etwa gleich gut,Audio 2 ist deutlich besser als Audio 1,Audio 1 und Audio 2 waren etwa gleich gut,Audio 1 und Audio 2 waren etwa gleich gut
13.01.2023 07:36:23,Ja,Audio 1 und Audio 2 waren etwa gleich gut,Audio 1 ist deutlich besser als Audio 2,Audio 2 ist deutlich besser als Audio 1,Audio 2 ist deutlich besser als Audio 1,Audio 1 ist deutlich besser als Audio 2,Audio 2 ist deutlich besser als Audio 1,Audio 1 ist deutlich besser als Audio 2,Audio 2 ist deutlich besser als Audio 1,Audio 1 ist deutlich besser als Audio 2,Audio 1 und Audio 2 waren etwa gleich gut,Audio 1 und Audio 2 waren etwa gleich gut,Audio 1 ist deutlich besser als Audio 2
13.01.2023 08:13:25,Ja,Audio 1 ist deutlich besser als Audio 2,Audio 1 ist deutlich besser als Audio 2,Audio 2 ist deutlich besser als Audio 1,Audio 2 ist deutlich besser als Audio 1,Audio 1 und Audio 2 waren etwa gleich gut,Audio 1 und Audio 2 waren etwa gleich gut,Audio 2 ist deutlich besser als Audio 1,Audio 2 ist deutlich besser als Audio 1,Audio 1 ist deutlich besser als Audio 2,Audio 1 und Audio 2 waren etwa gleich gut,Audio 1 und Audio 2 waren etwa gleich gut,Audio 2 ist deutlich besser als Audio 1
13.01.2023 08:35:01,Ja,Audio 1 und Audio 2 waren etwa gleich gut,Audio 1 und Audio 2 waren etwa gleich gut,Audio 1 und Audio 2 waren etwa gleich gut,Audio 2 ist deutlich besser als Audio 1,Audio 1 und Audio 2 waren etwa gleich gut,Audio 1 und Audio 2 waren etwa gleich gut,Audio 1 und Audio 2 waren etwa gleich gut,Audio 2 ist deutlich besser als Audio 1,Audio 1 ist deutlich besser als Audio 2,Audio 1 und Audio 2 waren etwa gleich gut,Audio 1 und Audio 2 waren etwa gleich gut,Audio 1 und Audio 2 waren etwa gleich gut
13.01.2023 09:17:29,Ja,Audio 1 und Audio 2 waren etwa gleich gut,Audio 2 ist deutlich besser als Audio 1,Audio 2 ist deutlich besser als Audio 1,Audio 2 ist deutlich besser als Audio 1,Audio 1 und Audio 2 waren etwa gleich gut,Audio 1 und Audio 2 waren etwa gleich gut,Audio 1 und Audio 2 waren etwa gleich gut,Audio 2 ist deutlich besser als Audio 1,Audio 1 und Audio 2 waren etwa gleich gut,Audio 1 und Audio 2 waren etwa gleich gut,Audio 1 und Audio 2 waren etwa gleich gut,Audio 1 und Audio 2 waren etwa gleich gut
13.01.2023 09:22:59,Ja,Audio 1 und Audio 2 waren etwa gleich gut,Audio 1 und Audio 2 waren etwa gleich gut,Audio 1 und Audio 2 waren etwa gleich gut,Audio 1 und Audio 2 waren etwa gleich gut,Audio 1 und Audio 2 waren etwa gleich gut,Audio 1 ist deutlich besser als Audio 2,Audio 2 ist deutlich besser als Audio 1,Audio 2 ist deutlich besser als Audio 1,Audio 1 ist deutlich besser als Audio 2,Audio 2 ist deutlich besser als Audio 1,Audio 2 ist deutlich besser als Audio 1,Audio 1 und Audio 2 waren etwa gleich gut
13.01.2023 09:26:02,Ja,Audio 1 ist deutlich besser als Audio 2,Audio 1 ist deutlich besser als Audio 2,Audio 1 und Audio 2 waren etwa gleich gut,Audio 2 ist deutlich besser als Audio 1,Audio 2 ist deutlich besser als Audio 1,Audio 1 ist deutlich besser als Audio 2,Audio 2 ist deutlich besser als Audio 1,Audio 1 und Audio 2 waren etwa gleich gut,Audio 1 und Audio 2 waren etwa gleich gut,Audio 2 ist deutlich besser als Audio 1,Audio 1 ist deutlich besser als Audio 2,Audio 1 ist deutlich besser als Audio 2
13.01.2023 09:28:27,Ja,Audio 1 ist deutlich besser als Audio 2,Audio 1 und Audio 2 waren etwa gleich gut,Audio 1 ist deutlich besser als Audio 2,Audio 1 und Audio 2 waren etwa gleich gut,Audio 1 ist deutlich besser als Audio 2,Audio 1 ist deutlich besser als Audio 2,Audio 1 und Audio 2 waren etwa gleich gut,Audio 2 ist deutlich besser als Audio 1,Audio 1 ist deutlich besser als Audio 2,Audio 1 und Audio 2 waren etwa gleich gut,Audio 2 ist deutlich besser als Audio 1,Audio 1 und Audio 2 waren etwa gleich gut
13.01.2023 09:38:29,Ja,Audio 1 und Audio 2 waren etwa gleich gut,Audio 1 und Audio 2 waren etwa gleich gut,Audio 1 und Audio 2 waren etwa gleich gut,Audio 1 ist deutlich besser als Audio 2,Audio 1 ist deutlich besser als Audio 2,Audio 1 und Audio 2 waren etwa gleich gut,Audio 1 und Audio 2 waren etwa gleich gut,Audio 2 ist deutlich besser als Audio 1,Audio 1 und Audio 2 waren etwa gleich gut,Audio 1 und Audio 2 waren etwa gleich gut,Audio 2 ist deutlich besser als Audio 1,Audio 1 und Audio 2 waren etwa gleich gut
13.01.2023 09:43:25,Ja,Audio 1 und Audio 2 waren etwa gleich gut,Audio 2 ist deutlich besser als Audio 1,Audio 2 ist deutlich besser als Audio 1,Audio 2 ist deutlich besser als Audio 1,Audio 2 ist deutlich besser als Audio 1,Audio 2 ist deutlich besser als Audio 1,Audio 2 ist deutlich besser als Audio 1,Audio 2 ist deutlich besser als Audio 1,Audio 1 und Audio 2 waren etwa gleich gut,Audio 1 ist deutlich besser als Audio 2,Audio 1 und Audio 2 waren etwa gleich gut,Audio 1 und Audio 2 waren etwa gleich gut
13.01.2023 10:29:19,Ja,Audio 2 ist deutlich besser als Audio 1,Audio 1 und Audio 2 waren etwa gleich gut,Audio 1 ist deutlich besser als Audio 2,Audio 1 und Audio 2 waren etwa gleich gut,Audio 1 ist deutlich besser als Audio 2,Audio 1 und Audio 2 waren etwa gleich gut,Audio 1 ist deutlich besser als Audio 2,Audio 2 ist deutlich besser als Audio 1,Audio 1 ist deutlich besser als Audio 2,Audio 1 ist deutlich besser als Audio 2,Audio 2 ist deutlich besser als Audio 1,Audio 1 ist deutlich besser als Audio 2
13.01.2023 10:40:32,Ja,Audio 1 und Audio 2 waren etwa gleich gut,Audio 1 ist deutlich besser als Audio 2,Audio 2 ist deutlich besser als Audio 1,Audio 2 ist deutlich besser als Audio 1,Audio 2 ist deutlich besser als Audio 1,Audio 2 ist deutlich besser als Audio 1,Audio 2 ist deutlich besser als Audio 1,Audio 2 ist deutlich besser als Audio 1,Audio 1 ist deutlich besser als Audio 2,Audio 1 und Audio 2 waren etwa gleich gut,Audio 1 ist deutlich besser als Audio 2,Audio 1 ist deutlich besser als Audio 2
13.01.2023 11:25:10,Ja,Audio 1 ist deutlich besser als Audio 2,Audio 1 und Audio 2 waren etwa gleich gut,Audio 1 und Audio 2 waren etwa gleich gut,Audio 1 und Audio 2 waren etwa gleich gut,Audio 2 ist deutlich besser als Audio 1,Audio 1 ist deutlich besser als Audio 2,Audio 1 ist deutlich besser als Audio 2,Audio 2 ist deutlich besser als Audio 1,Audio 1 und Audio 2 waren etwa gleich gut,Audio 2 ist deutlich besser als Audio 1,Audio 1 und Audio 2 waren etwa gleich gut,Audio 1 und Audio 2 waren etwa gleich gut
13.01.2023 12:26:53,Ja,Audio 1 ist deutlich besser als Audio 2,Audio 1 und Audio 2 waren etwa gleich gut,Audio 1 ist deutlich besser als Audio 2,Audio 1 und Audio 2 waren etwa gleich gut,Audio 1 und Audio 2 waren etwa gleich gut,Audio 1 ist deutlich besser als Audio 2,Audio 1 und Audio 2 waren etwa gleich gut,Audio 2 ist deutlich besser als Audio 1,Audio 1 ist deutlich besser als Audio 2,Audio 1 ist deutlich besser als Audio 2,Audio 1 und Audio 2 waren etwa gleich gut,Audio 1 und Audio 2 waren etwa gleich gut
13.01.2023 12:49:28,Ja,Audio 1 ist deutlich besser als Audio 2,Audio 1 ist deutlich besser als Audio 2,Audio 1 und Audio 2 waren etwa gleich gut,Audio 1 und Audio 2 waren etwa gleich gut,Audio 1 und Audio 2 waren etwa gleich gut,Audio 1 und Audio 2 waren etwa gleich gut,Audio 2 ist deutlich besser als Audio 1,Audio 2 ist deutlich besser als Audio 1,Audio 1 ist deutlich besser als Audio 2,Audio 1 und Audio 2 waren etwa gleich gut,Audio 2 ist deutlich besser als Audio 1,Audio 1 und Audio 2 waren etwa gleich gut
13.01.2023 13:37:09,Ja,Audio 1 ist deutlich besser als Audio 2,Audio 1 und Audio 2 waren etwa gleich gut,Audio 2 ist deutlich besser als Audio 1,Audio 2 ist deutlich besser als Audio 1,Audio 1 und Audio 2 waren etwa gleich gut,Audio 2 ist deutlich besser als Audio 1,Audio 1 ist deutlich besser als Audio 2,Audio 2 ist deutlich besser als Audio 1,Audio 1 ist deutlich besser als Audio 2,Audio 1 ist deutlich besser als Audio 2,Audio 1 und Audio 2 waren etwa gleich gut,Audio 1 und Audio 2 waren etwa gleich gut
13.01.2023 14:08:00,Ja,Audio 1 und Audio 2 waren etwa gleich gut,Audio 1 ist deutlich besser als Audio 2,Audio 1 ist deutlich besser als Audio 2,Audio 1 ist deutlich besser als Audio 2,Audio 1 und Audio 2 waren etwa gleich gut,Audio 1 ist deutlich besser als Audio 2,Audio 1 ist deutlich besser als Audio 2,Audio 1 und Audio 2 waren etwa gleich gut,Audio 1 ist deutlich besser als Audio 2,Audio 1 und Audio 2 waren etwa gleich gut,Audio 1 und Audio 2 waren etwa gleich gut,Audio 1 ist deutlich besser als Audio 2
13.01.2023 14:21:58,Ja,Audio 1 und Audio 2 waren etwa gleich gut,Audio 1 und Audio 2 waren etwa gleich gut,Audio 2 ist deutlich besser als Audio 1,Audio 2 ist deutlich besser als Audio 1,Audio 2 ist deutlich besser als Audio 1,Audio 1 ist deutlich besser als Audio 2,Audio 1 ist deutlich besser als Audio 2,Audio 2 ist deutlich besser als Audio 1,Audio 1 und Audio 2 waren etwa gleich gut,Audio 1 ist deutlich besser als Audio 2,Audio 1 und Audio 2 waren etwa gleich gut,Audio 1 und Audio 2 waren etwa gleich gut
13.01.2023 15:46:03,Ja,Audio 1 und Audio 2 waren etwa gleich gut,Audio 1 und Audio 2 waren etwa gleich gut,Audio 1 und Audio 2 waren etwa gleich gut,Audio 1 ist deutlich besser als Audio 2,Audio 1 und Audio 2 waren etwa gleich gut,Audio 1 und Audio 2 waren etwa gleich gut,Audio 2 ist deutlich besser als Audio 1,Audio 1 ist deutlich besser als Audio 2,Audio 1 und Audio 2 waren etwa gleich gut,Audio 2 ist deutlich besser als Audio 1,Audio 1 ist deutlich besser als Audio 2,Audio 1 und Audio 2 waren etwa gleich gut
13.01.2023 16:02:23,Ja,Audio 1 ist deutlich besser als Audio 2,Audio 1 und Audio 2 waren etwa gleich gut,Audio 1 ist deutlich besser als Audio 2,Audio 2 ist deutlich besser als Audio 1,Audio 1 und Audio 2 waren etwa gleich gut,Audio 1 ist deutlich besser als Audio 2,Audio 1 ist deutlich besser als Audio 2,Audio 1 ist deutlich besser als Audio 2,Audio 1 ist deutlich besser als Audio 2,Audio 1 und Audio 2 waren etwa gleich gut,Audio 1 und Audio 2 waren etwa gleich gut,Audio 1 ist deutlich besser als Audio 2
13.01.2023 16:16:46,Ja,Audio 2 ist deutlich besser als Audio 1,Audio 2 ist deutlich besser als Audio 1,Audio 1 ist deutlich besser als Audio 2,Audio 1 und Audio 2 waren etwa gleich gut,Audio 1 und Audio 2 waren etwa gleich gut,Audio 1 und Audio 2 waren etwa gleich gut,Audio 2 ist deutlich besser als Audio 1,Audio 1 ist deutlich besser als Audio 2,Audio 2 ist deutlich besser als Audio 1,Audio 1 und Audio 2 waren etwa gleich gut,Audio 2 ist deutlich besser als Audio 1,Audio 1 und Audio 2 waren etwa gleich gut
13.01.2023 16:22:08,Ja,Audio 1 und Audio 2 waren etwa gleich gut,Audio 1 und Audio 2 waren etwa gleich gut,Audio 2 ist deutlich besser als Audio 1,Audio 1 und Audio 2 waren etwa gleich gut,Audio 1 und Audio 2 waren etwa gleich gut,Audio 2 ist deutlich besser als Audio 1,Audio 2 ist deutlich besser als Audio 1,Audio 2 ist deutlich besser als Audio 1,Audio 1 und Audio 2 waren etwa gleich gut,Audio 1 und Audio 2 waren etwa gleich gut,Audio 1 und Audio 2 waren etwa gleich gut,Audio 2 ist deutlich besser als Audio 1
13.01.2023 16:33:29,Ja,Audio 1 ist deutlich besser als Audio 2,Audio 1 ist deutlich besser als Audio 2,Audio 2 ist deutlich besser als Audio 1,Audio 2 ist deutlich besser als Audio 1,Audio 1 ist deutlich besser als Audio 2,Audio 2 ist deutlich besser als Audio 1,Audio 1 und Audio 2 waren etwa gleich gut,Audio 2 ist deutlich besser als Audio 1,Audio 1 und Audio 2 waren etwa gleich gut,Audio 1 und Audio 2 waren etwa gleich gut,Audio 2 ist deutlich besser als Audio 1,Audio 1 und Audio 2 waren etwa gleich gut
13.01.2023 16:56:08,Ja,Audio 1 ist deutlich besser als Audio 2,Audio 1 ist deutlich besser als Audio 2,Audio 2 ist deutlich besser als Audio 1,Audio 1 und Audio 2 waren etwa gleich gut,Audio 1 ist deutlich besser als Audio 2,Audio 2 ist deutlich besser als Audio 1,Audio 2 ist deutlich besser als Audio 1,Audio 2 ist deutlich besser als Audio 1,Audio 1 ist deutlich besser als Audio 2,Audio 1 und Audio 2 waren etwa gleich gut,Audio 1 und Audio 2 waren etwa gleich gut,Audio 1 und Audio 2 waren etwa gleich gut
13.01.2023 17:01:31,Ja,Audio 1 ist deutlich besser als Audio 2,Audio 1 und Audio 2 waren etwa gleich gut,Audio 1 und Audio 2 waren etwa gleich gut,Audio 2 ist deutlich besser als Audio 1,Audio 1 ist deutlich besser als Audio 2,Audio 1 und Audio 2 waren etwa gleich gut,Audio 1 und Audio 2 waren etwa gleich gut,Audio 2 ist deutlich besser als Audio 1,Audio 1 und Audio 2 waren etwa gleich gut,Audio 2 ist deutlich besser als Audio 1,Audio 1 und Audio 2 waren etwa gleich gut,Audio 1 und Audio 2 waren etwa gleich gut
13.01.2023 17:41:43,Ja,Audio 1 ist deutlich besser als Audio 2,Audio 1 ist deutlich besser als Audio 2,Audio 1 und Audio 2 waren etwa gleich gut,Audio 2 ist deutlich besser als Audio 1,Audio 2 ist deutlich besser als Audio 1,Audio 1 und Audio 2 waren etwa gleich gut,Audio 2 ist deutlich besser als Audio 1,Audio 2 ist deutlich besser als Audio 1,Audio 1 ist deutlich besser als Audio 2,Audio 1 ist deutlich besser als Audio 2,Audio 2 ist deutlich besser als Audio 1,Audio 1 ist deutlich besser als Audio 2
14.01.2023 08:08:09,Ja,Audio 1 ist deutlich besser als Audio 2,Audio 2 ist deutlich besser als Audio 1,Audio 2 ist deutlich besser als Audio 1,Audio 2 ist deutlich besser als Audio 1,Audio 1 und Audio 2 waren etwa gleich gut,Audio 2 ist deutlich besser als Audio 1,Audio 2 ist deutlich besser als Audio 1,Audio 1 und Audio 2 waren etwa gleich gut,Audio 1 ist deutlich besser als Audio 2,Audio 1 und Audio 2 waren etwa gleich gut,Audio 1 und Audio 2 waren etwa gleich gut,Audio 1 und Audio 2 waren etwa gleich gut
14.01.2023 11:28:14,Ja,Audio 1 und Audio 2 waren etwa gleich gut,Audio 2 ist deutlich besser als Audio 1,Audio 2 ist deutlich besser als Audio 1,Audio 2 ist deutlich besser als Audio 1,Audio 1 ist deutlich besser als Audio 2,Audio 2 ist deutlich besser als Audio 1,Audio 2 ist deutlich besser als Audio 1,Audio 2 ist deutlich besser als Audio 1,Audio 1 ist deutlich besser als Audio 2,Audio 1 ist deutlich besser als Audio 2,Audio 1 ist deutlich besser als Audio 2,Audio 1 ist deutlich besser als Audio 2
14.01.2023 17:13:00,Ja,Audio 2 ist deutlich besser als Audio 1,Audio 1 ist deutlich besser als Audio 2,Audio 2 ist deutlich besser als Audio 1,Audio 2 ist deutlich besser als Audio 1,Audio 2 ist deutlich besser als Audio 1,Audio 2 ist deutlich besser als Audio 1,Audio 2 ist deutlich besser als Audio 1,Audio 2 ist deutlich besser als Audio 1,Audio 2 ist deutlich besser als Audio 1,Audio 2 ist deutlich besser als Audio 1,Audio 2 ist deutlich besser als Audio 1,Audio 2 ist deutlich besser als Audio 1
14.01.2023 22:02:38,Ja,Audio 1 und Audio 2 waren etwa gleich gut,Audio 1 und Audio 2 waren etwa gleich gut,Audio 1 ist deutlich besser als Audio 2,Audio 1 und Audio 2 waren etwa gleich gut,Audio 1 und Audio 2 waren etwa gleich gut,Audio 2 ist deutlich besser als Audio 1,Audio 1 ist deutlich besser als Audio 2,Audio 2 ist deutlich besser als Audio 1,Audio 1 ist deutlich besser als Audio 2,Audio 1 und Audio 2 waren etwa gleich gut,Audio 1 und Audio 2 waren etwa gleich gut,Audio 1 ist deutlich besser als Audio 2
14.01.2023 23:10:55,Ja,Audio 1 ist deutlich besser als Audio 2,Audio 1 und Audio 2 waren etwa gleich gut,Audio 2 ist deutlich besser als Audio 1,Audio 2 ist deutlich besser als Audio 1,Audio 1 ist deutlich besser als Audio 2,Audio 1 ist deutlich besser als Audio 2,Audio 1 ist deutlich besser als Audio 2,Audio 2 ist deutlich besser als Audio 1,Audio 1 und Audio 2 waren etwa gleich gut,Audio 1 ist deutlich besser als Audio 2,Audio 2 ist deutlich besser als Audio 1,Audio 1 und Audio 2 waren etwa gleich gut
15.01.2023 11:08:19,Ja,Audio 1 und Audio 2 waren etwa gleich gut,Audio 1 und Audio 2 waren etwa gleich gut,Audio 1 ist deutlich besser als Audio 2,Audio 2 ist deutlich besser als Audio 1,Audio 1 ist deutlich besser als Audio 2,Audio 2 ist deutlich besser als Audio 1,Audio 2 ist deutlich besser als Audio 1,Audio 2 ist deutlich besser als Audio 1,Audio 1 ist deutlich besser als Audio 2,Audio 1 ist deutlich besser als Audio 2,Audio 1 und Audio 2 waren etwa gleich gut,Audio 1 ist deutlich besser als Audio 2
15.01.2023 13:56:29,Ja,Audio 1 und Audio 2 waren etwa gleich gut,Audio 1 ist deutlich besser als Audio 2,Audio 2 ist deutlich besser als Audio 1,Audio 1 und Audio 2 waren etwa gleich gut,Audio 2 ist deutlich besser als Audio 1,Audio 2 ist deutlich besser als Audio 1,Audio 2 ist deutlich besser als Audio 1,Audio 2 ist deutlich besser als Audio 1,Audio 1 und Audio 2 waren etwa gleich gut,Audio 2 ist deutlich besser als Audio 1,Audio 2 ist deutlich besser als Audio 1,Audio 1 ist deutlich besser als Audio 2
15.01.2023 18:47:49,Ja,Audio 1 ist deutlich besser als Audio 2,Audio 1 ist deutlich besser als Audio 2,Audio 2 ist deutlich besser als Audio 1,Audio 2 ist deutlich besser als Audio 1,Audio 1 und Audio 2 waren etwa gleich gut,Audio 2 ist deutlich besser als Audio 1,Audio 1 ist deutlich besser als Audio 2,Audio 2 ist deutlich besser als Audio 1,Audio 1 ist deutlich besser als Audio 2,Audio 2 ist deutlich besser als Audio 1,Audio 2 ist deutlich besser als Audio 1,Audio 2 ist deutlich besser als Audio 1
15.01.2023 19:59:03,Ja,Audio 1 ist deutlich besser als Audio 2,Audio 1 und Audio 2 waren etwa gleich gut,Audio 2 ist deutlich besser als Audio 1,Audio 2 ist deutlich besser als Audio 1,Audio 1 ist deutlich besser als Audio 2,Audio 2 ist deutlich besser als Audio 1,Audio 2 ist deutlich besser als Audio 1,Audio 2 ist deutlich besser als Audio 1,Audio 1 ist deutlich besser als Audio 2,Audio 1 und Audio 2 waren etwa gleich gut,Audio 1 ist deutlich besser als Audio 2,Audio 1 und Audio 2 waren etwa gleich gut
15.01.2023 22:33:46,Ja,Audio 1 ist deutlich besser als Audio 2,Audio 2 ist deutlich besser als Audio 1,Audio 1 ist deutlich besser als Audio 2,Audio 2 ist deutlich besser als Audio 1,Audio 1 und Audio 2 waren etwa gleich gut,Audio 2 ist deutlich besser als Audio 1,Audio 1 und Audio 2 waren etwa gleich gut,Audio 2 ist deutlich besser als Audio 1,Audio 1 und Audio 2 waren etwa gleich gut,Audio 2 ist deutlich besser als Audio 1,Audio 2 ist deutlich besser als Audio 1,Audio 2 ist deutlich besser als Audio 1
16.01.2023 07:14:38,Ja,Audio 2 ist deutlich besser als Audio 1,Audio 2 ist deutlich besser als Audio 1,Audio 1 und Audio 2 waren etwa gleich gut,Audio 2 ist deutlich besser als Audio 1,Audio 2 ist deutlich besser als Audio 1,Audio 2 ist deutlich besser als Audio 1,Audio 1 und Audio 2 waren etwa gleich gut,Audio 1 ist deutlich besser als Audio 2,Audio 1 ist deutlich besser als Audio 2,Audio 1 und Audio 2 waren etwa gleich gut,Audio 1 ist deutlich besser als Audio 2,Audio 1 und Audio 2 waren etwa gleich gut
16.01.2023 08:02:25,Ja,Audio 1 ist deutlich besser als Audio 2,Audio 1 und Audio 2 waren etwa gleich gut,Audio 2 ist deutlich besser als Audio 1,Audio 2 ist deutlich besser als Audio 1,Audio 1 ist deutlich besser als Audio 2,Audio 2 ist deutlich besser als Audio 1,Audio 1 und Audio 2 waren etwa gleich gut,Audio 2 ist deutlich besser als Audio 1,Audio 2 ist deutlich besser als Audio 1,Audio 1 ist deutlich besser als Audio 2,Audio 1 und Audio 2 waren etwa gleich gut,Audio 1 und Audio 2 waren etwa gleich gut
16.01.2023 08:14:05,Ja,Audio 1 ist deutlich besser als Audio 2,Audio 1 ist deutlich besser als Audio 2,Audio 2 ist deutlich besser als Audio 1,Audio 2 ist deutlich besser als Audio 1,Audio 1 ist deutlich besser als Audio 2,Audio 1 und Audio 2 waren etwa gleich gut,Audio 2 ist deutlich besser als Audio 1,Audio 2 ist deutlich besser als Audio 1,Audio 1 ist deutlich besser als Audio 2,Audio 2 ist deutlich besser als Audio 1,Audio 2 ist deutlich besser als Audio 1,Audio 1 und Audio 2 waren etwa gleich gut
16.01.2023 09:29:40,Ja,Audio 1 ist deutlich besser als Audio 2,Audio 2 ist deutlich besser als Audio 1,Audio 1 und Audio 2 waren etwa gleich gut,Audio 2 ist deutlich besser als Audio 1,Audio 1 und Audio 2 waren etwa gleich gut,Audio 1 und Audio 2 waren etwa gleich gut,Audio 2 ist deutlich besser als Audio 1,Audio 1 und Audio 2 waren etwa gleich gut,Audio 1 und Audio 2 waren etwa gleich gut,Audio 2 ist deutlich besser als Audio 1,Audio 1 und Audio 2 waren etwa gleich gut,Audio 1 und Audio 2 waren etwa gleich gut
16.01.2023 10:39:32,Ja,Audio 1 und Audio 2 waren etwa gleich gut,Audio 1 ist deutlich besser als Audio 2,Audio 1 ist deutlich besser als Audio 2,Audio 2 ist deutlich besser als Audio 1,Audio 2 ist deutlich besser als Audio 1,Audio 1 ist deutlich besser als Audio 2,Audio 1 und Audio 2 waren etwa gleich gut,Audio 2 ist deutlich besser als Audio 1,Audio 1 ist deutlich besser als Audio 2,Audio 1 und Audio 2 waren etwa gleich gut,Audio 1 und Audio 2 waren etwa gleich gut,Audio 1 ist deutlich besser als Audio 2
16.01.2023 11:51:30,Ja,Audio 1 ist deutlich besser als Audio 2,Audio 1 ist deutlich besser als Audio 2,Audio 2 ist deutlich besser als Audio 1,Audio 1 und Audio 2 waren etwa gleich gut,Audio 1 und Audio 2 waren etwa gleich gut,Audio 1 und Audio 2 waren etwa gleich gut,Audio 1 und Audio 2 waren etwa gleich gut,Audio 1 und Audio 2 waren etwa gleich gut,Audio 1 ist deutlich besser als Audio 2,Audio 1 und Audio 2 waren etwa gleich gut,Audio 1 und Audio 2 waren etwa gleich gut,Audio 2 ist deutlich besser als Audio 1
16.01.2023 14:35:20,Ja,Audio 1 ist deutlich besser als Audio 2,Audio 1 und Audio 2 waren etwa gleich gut,Audio 2 ist deutlich besser als Audio 1,Audio 2 ist deutlich besser als Audio 1,Audio 1 und Audio 2 waren etwa gleich gut,Audio 1 ist deutlich besser als Audio 2,Audio 2 ist deutlich besser als Audio 1,Audio 1 und Audio 2 waren etwa gleich gut,Audio 1 ist deutlich besser als Audio 2,Audio 1 und Audio 2 waren etwa gleich gut,Audio 1 und Audio 2 waren etwa gleich gut,Audio 2 ist deutlich besser als Audio 1
16.01.2023 15:08:33,Ja,Audio 1 und Audio 2 waren etwa gleich gut,Audio 1 und Audio 2 waren etwa gleich gut,Audio 1 ist deutlich besser als Audio 2,Audio 2 ist deutlich besser als Audio 1,Audio 2 ist deutlich besser als Audio 1,Audio 2 ist deutlich besser als Audio 1,Audio 1 ist deutlich besser als Audio 2,Audio 2 ist deutlich besser als Audio 1,Audio 1 und Audio 2 waren etwa gleich gut,Audio 1 und Audio 2 waren etwa gleich gut,Audio 1 ist deutlich besser als Audio 2,Audio 1 ist deutlich besser als Audio 2
16.01.2023 18:16:17,Ja,Audio 2 ist deutlich besser als Audio 1,Audio 2 ist deutlich besser als Audio 1,Audio 1 ist deutlich besser als Audio 2,Audio 1 ist deutlich besser als Audio 2,Audio 2 ist deutlich besser als Audio 1,Audio 2 ist deutlich besser als Audio 1,Audio 1 ist deutlich besser als Audio 2,Audio 2 ist deutlich besser als Audio 1,Audio 1 ist deutlich besser als Audio 2,Audio 1 ist deutlich besser als Audio 2,Audio 1 und Audio 2 waren etwa gleich gut,Audio 1 und Audio 2 waren etwa gleich gut
17.01.2023 07:51:00,Ja,Audio 1 ist deutlich besser als Audio 2,Audio 1 und Audio 2 waren etwa gleich gut,Audio 1 ist deutlich besser als Audio 2,Audio 2 ist deutlich besser als Audio 1,Audio 1 ist deutlich besser als Audio 2,Audio 2 ist deutlich besser als Audio 1,Audio 2 ist deutlich besser als Audio 1,Audio 1 und Audio 2 waren etwa gleich gut,Audio 1 ist deutlich besser als Audio 2,Audio 1 und Audio 2 waren etwa gleich gut,Audio 1 und Audio 2 waren etwa gleich gut,Audio 1 und Audio 2 waren etwa gleich gut
17.01.2023 09:24:42,Ja,Audio 1 und Audio 2 waren etwa gleich gut,Audio 1 ist deutlich besser als Audio 2,Audio 1 und Audio 2 waren etwa gleich gut,Audio 2 ist deutlich besser als Audio 1,Audio 2 ist deutlich besser als Audio 1,Audio 1 ist deutlich besser als Audio 2,Audio 1 ist deutlich besser als Audio 2,Audio 2 ist deutlich besser als Audio 1,Audio 1 ist deutlich besser als Audio 2,Audio 1 ist deutlich besser als Audio 2,Audio 1 ist deutlich besser als Audio 2,Audio 1 ist deutlich besser als Audio 2
17.01.2023 10:38:26,Ja,Audio 1 ist deutlich besser als Audio 2,Audio 1 und Audio 2 waren etwa gleich gut,Audio 1 und Audio 2 waren etwa gleich gut,Audio 1 und Audio 2 waren etwa gleich gut,Audio 2 ist deutlich besser als Audio 1,Audio 2 ist deutlich besser als Audio 1,Audio 1 und Audio 2 waren etwa gleich gut,Audio 2 ist deutlich besser als Audio 1,Audio 1 und Audio 2 waren etwa gleich gut,Audio 1 und Audio 2 waren etwa gleich gut,Audio 1 und Audio 2 waren etwa gleich gut,Audio 1 und Audio 2 waren etwa gleich gut
17.01.2023 13:29:38,Ja,Audio 1 ist deutlich besser als Audio 2,Audio 1 und Audio 2 waren etwa gleich gut,Audio 2 ist deutlich besser als Audio 1,Audio 1 und Audio 2 waren etwa gleich gut,Audio 2 ist deutlich besser als Audio 1,Audio 2 ist deutlich besser als Audio 1,Audio 1 und Audio 2 waren etwa gleich gut,Audio 2 ist deutlich besser als Audio 1,Audio 1 und Audio 2 waren etwa gleich gut,Audio 2 ist deutlich besser als Audio 1,Audio 2 ist deutlich besser als Audio 1,Audio 1 und Audio 2 waren etwa gleich gut
17.01.2023 14:23:42,Ja,Audio 1 und Audio 2 waren etwa gleich gut,Audio 1 ist deutlich besser als Audio 2,Audio 1 ist deutlich besser als Audio 2,Audio 1 und Audio 2 waren etwa gleich gut,Audio 1 ist deutlich besser als Audio 2,Audio 1 und Audio 2 waren etwa gleich gut,Audio 1 und Audio 2 waren etwa gleich gut,Audio 1 und Audio 2 waren etwa gleich gut,Audio 1 und Audio 2 waren etwa gleich gut,Audio 1 und Audio 2 waren etwa gleich gut,Audio 1 und Audio 2 waren etwa gleich gut,Audio 1 ist deutlich besser als Audio 2
17.01.2023 15:45:36,Ja,Audio 1 ist deutlich besser als Audio 2,Audio 2 ist deutlich besser als Audio 1,Audio 1 und Audio 2 waren etwa gleich gut,Audio 1 und Audio 2 waren etwa gleich gut,Audio 1 ist deutlich besser als Audio 2,Audio 1 und Audio 2 waren etwa gleich gut,Audio 1 und Audio 2 waren etwa gleich gut,Audio 2 ist deutlich besser als Audio 1,Audio 1 und Audio 2 waren etwa gleich gut,Audio 1 ist deutlich besser als Audio 2,Audio 1 und Audio 2 waren etwa gleich gut,Audio 1 und Audio 2 waren etwa gleich gut
17.01.2023 16:29:16,Ja,Audio 1 und Audio 2 waren etwa gleich gut,Audio 1 ist deutlich besser als Audio 2,Audio 1 ist deutlich besser als Audio 2,Audio 1 und Audio 2 waren etwa gleich gut,Audio 1 und Audio 2 waren etwa gleich gut,Audio 1 ist deutlich besser als Audio 2,Audio 1 und Audio 2 waren etwa gleich gut,Audio 2 ist deutlich besser als Audio 1,Audio 1 ist deutlich besser als Audio 2,Audio 1 und Audio 2 waren etwa gleich gut,Audio 2 ist deutlich besser als Audio 1,Audio 1 ist deutlich besser als Audio 2
17.01.2023 16:57:36,Ja,Audio 1 und Audio 2 waren etwa gleich gut,Audio 2 ist deutlich besser als Audio 1,Audio 1 und Audio 2 waren etwa gleich gut,Audio 2 ist deutlich besser als Audio 1,Audio 2 ist deutlich besser als Audio 1,Audio 2 ist deutlich besser als Audio 1,Audio 1 und Audio 2 waren etwa gleich gut,Audio 2 ist deutlich besser als Audio 1,Audio 1 und Audio 2 waren etwa gleich gut,Audio 1 ist deutlich besser als Audio 2,Audio 2 ist deutlich besser als Audio 1,Audio 1 und Audio 2 waren etwa gleich gut
17.01.2023 16:59:06,Ja,Audio 1 ist deutlich besser als Audio 2,Audio 1 und Audio 2 waren etwa gleich gut,Audio 1 und Audio 2 waren etwa gleich gut,Audio 2 ist deutlich besser als Audio 1,Audio 1 und Audio 2 waren etwa gleich gut,Audio 1 und Audio 2 waren etwa gleich gut,Audio 1 ist deutlich besser als Audio 2,Audio 2 ist deutlich besser als Audio 1,Audio 1 ist deutlich besser als Audio 2,Audio 1 und Audio 2 waren etwa gleich gut,Audio 1 und Audio 2 waren etwa gleich gut,Audio 1 ist deutlich besser als Audio 2
18.01.2023 01:29:40,Ja,Audio 2 ist deutlich besser als Audio 1,Audio 1 und Audio 2 waren etwa gleich gut,Audio 1 und Audio 2 waren etwa gleich gut,Audio 2 ist deutlich besser als Audio 1,Audio 1 und Audio 2 waren etwa gleich gut,Audio 2 ist deutlich besser als Audio 1,Audio 1 und Audio 2 waren etwa gleich gut,Audio 2 ist deutlich besser als Audio 1,Audio 2 ist deutlich besser als Audio 1,Audio 1 ist deutlich besser als Audio 2,Audio 2 ist deutlich besser als Audio 1,Audio 2 ist deutlich besser als Audio 1
18.01.2023 17:44:41,Ja,Audio 1 ist deutlich besser als Audio 2,Audio 1 und Audio 2 waren etwa gleich gut,Audio 2 ist deutlich besser als Audio 1,Audio 1 und Audio 2 waren etwa gleich gut,Audio 1 und Audio 2 waren etwa gleich gut,Audio 2 ist deutlich besser als Audio 1,Audio 1 ist deutlich besser als Audio 2,Audio 2 ist deutlich besser als Audio 1,Audio 1 und Audio 2 waren etwa gleich gut,Audio 1 und Audio 2 waren etwa gleich gut,Audio 1 ist deutlich besser als Audio 2,Audio 1 ist deutlich besser als Audio 2
19.01.2023 09:30:32,Ja,Audio 1 ist deutlich besser als Audio 2,Audio 2 ist deutlich besser als Audio 1,Audio 1 ist deutlich besser als Audio 2,Audio 1 und Audio 2 waren etwa gleich gut,Audio 1 ist deutlich besser als Audio 2,Audio 2 ist deutlich besser als Audio 1,Audio 1 ist deutlich besser als Audio 2,Audio 2 ist deutlich besser als Audio 1,Audio 1 ist deutlich besser als Audio 2,Audio 2 ist deutlich besser als Audio 1,Audio 1 und Audio 2 waren etwa gleich gut,Audio 1 und Audio 2 waren etwa gleich gut
19.01.2023 14:09:18,Ja,Audio 2 ist deutlich besser als Audio 1,Audio 2 ist deutlich besser als Audio 1,Audio 1 ist deutlich besser als Audio 2,Audio 2 ist deutlich besser als Audio 1,Audio 1 und Audio 2 waren etwa gleich gut,Audio 1 und Audio 2 waren etwa gleich gut,Audio 1 ist deutlich besser als Audio 2,Audio 1 und Audio 2 waren etwa gleich gut,Audio 1 ist deutlich besser als Audio 2,Audio 1 ist deutlich besser als Audio 2,Audio 2 ist deutlich besser als Audio 1,Audio 1 ist deutlich besser als Audio 2
19.01.2023 19:25:13,Ja,Audio 1 und Audio 2 waren etwa gleich gut,Audio 1 und Audio 2 waren etwa gleich gut,Audio 1 und Audio 2 waren etwa gleich gut,Audio 1 und Audio 2 waren etwa gleich gut,Audio 1 und Audio 2 waren etwa gleich gut,Audio 1 und Audio 2 waren etwa gleich gut,Audio 1 und Audio 2 waren etwa gleich gut,Audio 1 und Audio 2 waren etwa gleich gut,Audio 1 und Audio 2 waren etwa gleich gut,Audio 1 und Audio 2 waren etwa gleich gut,,Audio 1 und Audio 2 waren etwa gleich gut
20.01.2023 10:33:07,Ja,Audio 1 und Audio 2 waren etwa gleich gut,Audio 1 ist deutlich besser als Audio 2,Audio 1 ist deutlich besser als Audio 2,Audio 2 ist deutlich besser als Audio 1,Audio 1 ist deutlich besser als Audio 2,Audio 2 ist deutlich besser als Audio 1,Audio 1 und Audio 2 waren etwa gleich gut,Audio 2 ist deutlich besser als Audio 1,Audio 1 und Audio 2 waren etwa gleich gut,Audio 2 ist deutlich besser als Audio 1,Audio 1 ist deutlich besser als Audio 2,Audio 1 ist deutlich besser als Audio 2
21.01.2023 10:50:14,Ja,Audio 1 und Audio 2 waren etwa gleich gut,Audio 1 und Audio 2 waren etwa gleich gut,Audio 1 ist deutlich besser als Audio 2,Audio 2 ist deutlich besser als Audio 1,Audio 1 und Audio 2 waren etwa gleich gut,Audio 2 ist deutlich besser als Audio 1,Audio 2 ist deutlich besser als Audio 1,Audio 2 ist deutlich besser als Audio 1,Audio 1 ist deutlich besser als Audio 2,Audio 1 ist deutlich besser als Audio 2,Audio 1 ist deutlich besser als Audio 2,Audio 1 ist deutlich besser als Audio 2
23.01.2023 15:48:38,Ja,Audio 1 ist deutlich besser als Audio 2,Audio 2 ist deutlich besser als Audio 1,Audio 1 und Audio 2 waren etwa gleich gut,Audio 1 und Audio 2 waren etwa gleich gut,Audio 2 ist deutlich besser als Audio 1,Audio 2 ist deutlich besser als Audio 1,Audio 2 ist deutlich besser als Audio 1,Audio 2 ist deutlich besser als Audio 1,Audio 1 und Audio 2 waren etwa gleich gut,Audio 1 und Audio 2 waren etwa gleich gut,Audio 1 und Audio 2 waren etwa gleich gut,Audio 1 und Audio 2 waren etwa gleich gut
24.01.2023 13:42:06,Ja,Audio 1 und Audio 2 waren etwa gleich gut,Audio 1 und Audio 2 waren etwa gleich gut,Audio 2 ist deutlich besser als Audio 1,Audio 2 ist deutlich besser als Audio 1,Audio 1 ist deutlich besser als Audio 2,Audio 1 und Audio 2 waren etwa gleich gut,Audio 2 ist deutlich besser als Audio 1,Audio 1 und Audio 2 waren etwa gleich gut,Audio 1 und Audio 2 waren etwa gleich gut,Audio 1 und Audio 2 waren etwa gleich gut,Audio 1 ist deutlich besser als Audio 2,Audio 1 und Audio 2 waren etwa gleich gut
24.01.2023 14:40:26,Ja,Audio 1 ist deutlich besser als Audio 2,Audio 1 und Audio 2 waren etwa gleich gut,Audio 1 ist deutlich besser als Audio 2,Audio 2 ist deutlich besser als Audio 1,Audio 1 und Audio 2 waren etwa gleich gut,Audio 2 ist deutlich besser als Audio 1,Audio 2 ist deutlich besser als Audio 1,Audio 2 ist deutlich besser als Audio 1,Audio 1 ist deutlich besser als Audio 2,Audio 1 und Audio 2 waren etwa gleich gut,Audio 2 ist deutlich besser als Audio 1,Audio 1 ist deutlich besser als Audio 2
24.01.2023 19:11:49,Ja,Audio 1 ist deutlich besser als Audio 2,Audio 1 ist deutlich besser als Audio 2,Audio 1 ist deutlich besser als Audio 2,Audio 2 ist deutlich besser als Audio 1,Audio 1 ist deutlich besser als Audio 2,Audio 1 ist deutlich besser als Audio 2,Audio 1 ist deutlich besser als Audio 2,Audio 1 und Audio 2 waren etwa gleich gut,Audio 1 und Audio 2 waren etwa gleich gut,Audio 1 und Audio 2 waren etwa gleich gut,Audio 1 ist deutlich besser als Audio 2,Audio 1 und Audio 2 waren etwa gleich gut
25.01.2023 14:54:03,Ja,Audio 1 ist deutlich besser als Audio 2,Audio 2 ist deutlich besser als Audio 1,Audio 1 ist deutlich besser als Audio 2,Audio 2 ist deutlich besser als Audio 1,Audio 1 und Audio 2 waren etwa gleich gut,Audio 1 ist deutlich besser als Audio 2,Audio 1 und Audio 2 waren etwa gleich gut,Audio 2 ist deutlich besser als Audio 1,Audio 1 ist deutlich besser als Audio 2,Audio 1 und Audio 2 waren etwa gleich gut,Audio 1 und Audio 2 waren etwa gleich gut,Audio 1 ist deutlich besser als Audio 2
25.01.2023 23:18:04,Ja,Audio 1 ist deutlich besser als Audio 2,Audio 1 und Audio 2 waren etwa gleich gut,Audio 1 und Audio 2 waren etwa gleich gut,Audio 2 ist deutlich besser als Audio 1,Audio 1 ist deutlich besser als Audio 2,Audio 2 ist deutlich besser als Audio 1,Audio 1 und Audio 2 waren etwa gleich gut,Audio 2 ist deutlich besser als Audio 1,Audio 1 ist deutlich besser als Audio 2,Audio 1 und Audio 2 waren etwa gleich gut,Audio 1 und Audio 2 waren etwa gleich gut,Audio 1 und Audio 2 waren etwa gleich gut
28.01.2023 17:07:51,Ja,Audio 1 ist deutlich besser als Audio 2,Audio 1 ist deutlich besser als Audio 2,Audio 2 ist deutlich besser als Audio 1,Audio 1 und Audio 2 waren etwa gleich gut,Audio 1 und Audio 2 waren etwa gleich gut,Audio 2 ist deutlich besser als Audio 1,Audio 1 und Audio 2 waren etwa gleich gut,Audio 2 ist deutlich besser als Audio 1,Audio 1 und Audio 2 waren etwa gleich gut,Audio 1 und Audio 2 waren etwa gleich gut,Audio 1 und Audio 2 waren etwa gleich gut,Audio 2 ist deutlich besser als Audio 1
30.01.2023 09:33:35,Ja,Audio 1 ist deutlich besser als Audio 2,Audio 1 und Audio 2 waren etwa gleich gut,Audio 2 ist deutlich besser als Audio 1,Audio 1 ist deutlich besser als Audio 2,Audio 1 ist deutlich besser als Audio 2,Audio 2 ist deutlich besser als Audio 1,Audio 1 ist deutlich besser als Audio 2,Audio 2 ist deutlich besser als Audio 1,Audio 1 ist deutlich besser als Audio 2,Audio 1 ist deutlich besser als Audio 2,Audio 1 ist deutlich besser als Audio 2,Audio 1 ist deutlich besser als Audio 2
30.01.2023 10:44:45,Ja,Audio 1 ist deutlich besser als Audio 2,Audio 1 ist deutlich besser als Audio 2,Audio 1 und Audio 2 waren etwa gleich gut,Audio 2 ist deutlich besser als Audio 1,Audio 1 ist deutlich besser als Audio 2,Audio 1 und Audio 2 waren etwa gleich gut,Audio 1 ist deutlich besser als Audio 2,Audio 2 ist deutlich besser als Audio 1,Audio 1 ist deutlich besser als Audio 2,Audio 2 ist deutlich besser als Audio 1,Audio 1 und Audio 2 waren etwa gleich gut,Audio 1 und Audio 2 waren etwa gleich gut
02.02.2023 18:23:02,Ja,Audio 1 und Audio 2 waren etwa gleich gut,Audio 1 und Audio 2 waren etwa gleich gut,Audio 2 ist deutlich besser als Audio 1,Audio 2 ist deutlich besser als Audio 1,Audio 2 ist deutlich besser als Audio 1,Audio 2 ist deutlich besser als Audio 1,Audio 2 ist deutlich besser als Audio 1,Audio 2 ist deutlich besser als Audio 1,Audio 1 und Audio 2 waren etwa gleich gut,Audio 1 und Audio 2 waren etwa gleich gut,Audio 1 und Audio 2 waren etwa gleich gut,Audio 2 ist deutlich besser als Audio 1
03.02.2023 11:03:54,Ja,Audio 1 ist deutlich besser als Audio 2,Audio 1 ist deutlich besser als Audio 2,Audio 2 ist deutlich besser als Audio 1,Audio 1 und Audio 2 waren etwa gleich gut,Audio 1 und Audio 2 waren etwa gleich gut,Audio 2 ist deutlich besser als Audio 1,Audio 2 ist deutlich besser als Audio 1,Audio 2 ist deutlich besser als Audio 1,Audio 1 ist deutlich besser als Audio 2,Audio 1 und Audio 2 waren etwa gleich gut,Audio 1 und Audio 2 waren etwa gleich gut,Audio 1 ist deutlich besser als Audio 2